-- Adminer 4.8.1 PostgreSQL 17.0 (Debian 17.0-1.pgdg120+1) dump

-- \connect "music_diary_db";

DROP TABLE IF EXISTS "Album";
DROP SEQUENCE IF EXISTS "Album_AlbumID_seq";
CREATE SEQUENCE "Album_AlbumID_seq" INCREMENT  MINVALUE  MAXVALUE  CACHE ;

CREATE TABLE "public"."Album" (
    "AlbumID" integer DEFAULT nextval('"Album_AlbumID_seq"') NOT NULL,
    "Name" character varying(255) NOT NULL,
    "ArtistID" integer NOT NULL,
    CONSTRAINT "Album_pkey" PRIMARY KEY ("AlbumID"),
    CONSTRAINT "unique_album_artist" UNIQUE ("ArtistID", "Name")
) WITH (oids = false);

INSERT INTO "Album" ("AlbumID", "Name", "ArtistID") VALUES
(1,	'The 1975',	1),
(2,	'I Like It When You Sleep, for You Are So Beautiful Yet So Unaware of It',	1),
(3,	'Notes on a Conditional Form',	1),
(4,	'Being Funny in a Foreign Language',	1),
(5,	'Alvvays',	2),
(6,	'Antisocialites',	2),
(7,	'Blue Rev',	2),
(8,	'Good at Falling',	3),
(9,	'Chewing Cotton Wool',	3),
(10,	'In the End It Always Does',	3),
(11,	'Is This It',	4),
(12,	'Room on Fire',	4),
(13,	'First Impressions of Earth',	4),
(14,	'The New Abnormal',	4),
(15,	'Citrona',	5),
(16,	'Heavy Colors',	5),
(17,	'Shadowglow',	5),
(18,	'Immunity',	6),
(19,	'Sling',	6),
(20,	'Charm',	6),
(21,	'Into The Rift',	7),
(22,	'Portraits',	7),
(23,	'Stranger in the Alps',	8),
(24,	'Punisher',	8),
(25,	'That Sea, The Gambler',	9),
(26,	'Stranger',	10),
(27,	'CRACK A SMILE COME ON STAY A WHILE',	11),
(28,	'Brat',	12),
(29,	'SMILE! :D',	13),
(30,	'Note to Self',	14),
(31,	'Out of Tune',	15),
(32,	'Rubblebucket',	16),
(33,	'Stella Brown',	17),
(34,	'MOSS',	18),
(35,	'Young The Giant',	19),
(36,	'Show Me How',	20),
(37,	'Wishful Thinking (At Its Best)',	21),
(38,	'Dance Party',	22),
(39,	'Insomnia EP',	23),
(40,	'Mamalarky',	24),
(41,	'Modern Girl',	25),
(42,	'Radio',	26),
(43,	'Our Earthly Pleasures',	27),
(44,	'Shelter',	28),
(45,	'Close Up',	29),
(46,	'DECIDE',	30),
(67,	'The White Album',	72),
(68,	'The Green Album',	73),
(69,	'Text2',	63),
(70,	'text3',	63),
(72,	'asdf',	74),
(73,	'wez',	76);

DROP TABLE IF EXISTS "Artist";
DROP SEQUENCE IF EXISTS "Artist_ArtistID_seq";
CREATE SEQUENCE "Artist_ArtistID_seq" INCREMENT  MINVALUE  MAXVALUE  CACHE ;

CREATE TABLE "public"."Artist" (
    "ArtistID" integer DEFAULT nextval('"Artist_ArtistID_seq"') NOT NULL,
    "Name" character varying(255) NOT NULL,
    CONSTRAINT "Artist_Name_key" UNIQUE ("Name"),
    CONSTRAINT "Artist_pkey" PRIMARY KEY ("ArtistID")
) WITH (oids = false);

INSERT INTO "Artist" ("ArtistID", "Name") VALUES
(1,	'The 1975'),
(2,	'Alvvays'),
(3,	'The Japanese House'),
(4,	'The Strokes'),
(5,	'Flipturn'),
(6,	'Clairo'),
(7,	'Quarters of Change'),
(8,	'Phoebe Bridgers'),
(9,	'Gregory Alan Isakov'),
(10,	'Minova'),
(11,	'Abby Holliday'),
(12,	'Charli XCX'),
(13,	'Porter Robinson'),
(14,	'Clean Spill'),
(15,	'The Backseat Lovers'),
(16,	'Rubblebucket'),
(17,	'Jelani Aryeh'),
(18,	'Maya Hawke'),
(19,	'Young the Giant'),
(20,	'Men I Trust'),
(21,	'benches'),
(22,	'Better Than This'),
(23,	'The Moss'),
(24,	'Mamalarky'),
(25,	'Bleachers'),
(26,	'Freak Slug'),
(27,	'Maximo Park'),
(28,	'Alice Phoebe Lou'),
(29,	'Sea Lemon'),
(30,	'Djo'),
(63,	'text'),
(64,	'text1'),
(65,	'text2'),
(66,	'text4'),
(67,	'text5'),
(68,	'Archie Taylor'),
(69,	'wow-cool'),
(70,	'Taylor'),
(71,	'Text'),
(72,	'The Beatles'),
(73,	'Weezer'),
(74,	'asdf'),
(75,	'asdef'),
(76,	'baz'),
(77,	'asdfasdf');

DROP TABLE IF EXISTS "DiaryEntry";
DROP SEQUENCE IF EXISTS "DiaryEntry_EntryID_seq";
CREATE SEQUENCE "DiaryEntry_EntryID_seq" INCREMENT  MINVALUE  MAXVALUE  CACHE ;

CREATE TABLE "public"."DiaryEntry" (
    "EntryID" integer DEFAULT nextval('"DiaryEntry_EntryID_seq"') NOT NULL,
    "Date" date NOT NULL,
    "Description" text,
    "Visibility" character varying(255) NOT NULL,
    "UserID" integer NOT NULL,
    "SongID" integer NOT NULL,
    CONSTRAINT "DiaryEntry_pkey" PRIMARY KEY ("EntryID"),
    CONSTRAINT "unique_user_song" UNIQUE ("UserID", "SongID")
) WITH (oids = false);

INSERT INTO "DiaryEntry" ("EntryID", "Date", "Description", "Visibility", "UserID", "SongID") VALUES
(1,	'2023-11-01',	'Entry 1: Amazing song discovery.',	'PRIVATE',	2,	1),
(2,	'2023-11-02',	'Entry 2: Amazing song discovery.',	'FRIENDS',	3,	2),
(3,	'2023-11-03',	'Entry 3: Amazing song discovery.',	'PUBLIC',	1,	3),
(4,	'2023-11-04',	'Entry 4: Amazing song discovery.',	'FRIENDS',	4,	4),
(5,	'2023-11-05',	'Entry 5: Amazing song discovery.',	'FRIENDS',	1,	5),
(6,	'2023-11-06',	'Entry 6: Amazing song discovery.',	'FRIENDS',	1,	6),
(7,	'2023-11-07',	'Entry 7: Amazing song discovery.',	'PRIVATE',	4,	7),
(8,	'2023-11-08',	'Entry 8: Amazing song discovery.',	'PUBLIC',	1,	8),
(9,	'2023-11-09',	'Entry 9: Amazing song discovery.',	'PRIVATE',	1,	9),
(10,	'2023-11-10',	'Entry 10: Amazing song discovery.',	'PUBLIC',	3,	10),
(11,	'2023-11-11',	'Entry 11: Amazing song discovery.',	'FRIENDS',	2,	11),
(12,	'2023-11-12',	'Entry 12: Amazing song discovery.',	'PUBLIC',	3,	12),
(13,	'2023-11-13',	'Entry 13: Amazing song discovery.',	'PUBLIC',	1,	13),
(14,	'2023-11-14',	'Entry 14: Amazing song discovery.',	'PRIVATE',	4,	14),
(15,	'2023-11-15',	'Entry 15: Amazing song discovery.',	'PUBLIC',	3,	15),
(16,	'2023-11-16',	'Entry 16: Amazing song discovery.',	'PUBLIC',	1,	16),
(17,	'2023-11-17',	'Entry 17: Amazing song discovery.',	'PRIVATE',	4,	17),
(18,	'2023-11-18',	'Entry 18: Amazing song discovery.',	'FRIENDS',	1,	18),
(19,	'2023-11-19',	'Entry 19: Amazing song discovery.',	'PUBLIC',	1,	19),
(20,	'2023-11-20',	'Entry 20: Amazing song discovery.',	'PUBLIC',	1,	20),
(21,	'2023-11-21',	'Entry 21: Amazing song discovery.',	'PUBLIC',	1,	21),
(22,	'2023-11-22',	'Entry 22: Amazing song discovery.',	'PRIVATE',	3,	22),
(23,	'2023-11-23',	'Entry 23: Amazing song discovery.',	'PUBLIC',	3,	23),
(24,	'2023-11-24',	'Entry 24: Amazing song discovery.',	'PUBLIC',	2,	24),
(25,	'2023-11-25',	'Entry 25: Amazing song discovery.',	'PUBLIC',	3,	25),
(26,	'2023-11-26',	'Entry 26: Amazing song discovery.',	'FRIENDS',	3,	26),
(27,	'2023-11-27',	'Entry 27: Amazing song discovery.',	'PRIVATE',	2,	27),
(28,	'2023-11-28',	'Entry 28: Amazing song discovery.',	'FRIENDS',	4,	28),
(29,	'2023-11-01',	'Entry 1: Amazing song discovery.',	'FRIENDS',	2,	30),
(30,	'2023-11-02',	'Entry 2: Amazing song discovery.',	'PRIVATE',	3,	31),
(31,	'2023-11-03',	'Entry 3: Amazing song discovery.',	'PRIVATE',	3,	32),
(32,	'2023-11-04',	'Entry 4: Amazing song discovery.',	'PRIVATE',	2,	33),
(33,	'2023-11-05',	'Entry 5: Amazing song discovery.',	'PRIVATE',	2,	34),
(34,	'2023-11-06',	'Entry 6: Amazing song discovery.',	'FRIENDS',	4,	35),
(35,	'2023-11-07',	'Entry 7: Amazing song discovery.',	'PRIVATE',	4,	36),
(36,	'2023-11-08',	'Entry 8: Amazing song discovery.',	'PUBLIC',	2,	37),
(37,	'2023-11-09',	'Entry 9: Amazing song discovery.',	'FRIENDS',	4,	38),
(38,	'2023-11-10',	'Entry 10: Amazing song discovery.',	'PUBLIC',	1,	39),
(39,	'2023-11-11',	'Entry 11: Amazing song discovery.',	'PRIVATE',	3,	40),
(40,	'2023-11-12',	'Entry 12: Amazing song discovery.',	'PRIVATE',	1,	41),
(41,	'2023-11-13',	'Entry 13: Amazing song discovery.',	'PUBLIC',	2,	42),
(42,	'2023-11-14',	'Entry 14: Amazing song discovery.',	'PRIVATE',	2,	43),
(43,	'2023-11-15',	'Entry 15: Amazing song discovery.',	'PRIVATE',	1,	44),
(44,	'2023-11-16',	'Entry 16: Amazing song discovery.',	'FRIENDS',	3,	45),
(45,	'2023-11-17',	'Entry 17: Amazing song discovery.',	'FRIENDS',	4,	46),
(46,	'2023-11-18',	'Entry 18: Amazing song discovery.',	'PUBLIC',	4,	47),
(47,	'2023-11-19',	'Entry 19: Amazing song discovery.',	'FRIENDS',	4,	48),
(48,	'2023-11-20',	'Entry 20: Amazing song discovery.',	'PRIVATE',	2,	49),
(49,	'2023-11-21',	'Entry 21: Amazing song discovery.',	'FRIENDS',	2,	50),
(50,	'2023-11-22',	'Entry 22: Amazing song discovery.',	'FRIENDS',	4,	51),
(51,	'2023-11-23',	'Entry 23: Amazing song discovery.',	'FRIENDS',	4,	52),
(52,	'2023-11-24',	'Entry 24: Amazing song discovery.',	'PUBLIC',	3,	53),
(53,	'2023-11-25',	'Entry 25: Amazing song discovery.',	'PUBLIC',	4,	54),
(54,	'2023-11-26',	'Entry 26: Amazing song discovery.',	'PRIVATE',	4,	55),
(55,	'2023-11-27',	'Entry 27: Amazing song discovery.',	'PRIVATE',	3,	56),
(56,	'2023-11-28',	'Entry 28: Amazing song discovery.',	'FRIENDS',	2,	57),
(57,	'2023-11-01',	'Entry 1: Amazing song discovery.',	'PRIVATE',	3,	59),
(58,	'2023-11-02',	'Entry 2: Amazing song discovery.',	'PRIVATE',	2,	60),
(59,	'2023-11-03',	'Entry 3: Amazing song discovery.',	'PUBLIC',	1,	61),
(60,	'2023-11-04',	'Entry 4: Amazing song discovery.',	'PUBLIC',	2,	62),
(61,	'2023-11-05',	'Entry 5: Amazing song discovery.',	'PUBLIC',	4,	63),
(62,	'2023-11-06',	'Entry 6: Amazing song discovery.',	'PRIVATE',	1,	64),
(63,	'2023-11-07',	'Entry 7: Amazing song discovery.',	'PRIVATE',	1,	65),
(64,	'2023-11-08',	'Entry 8: Amazing song discovery.',	'PUBLIC',	4,	66),
(65,	'2023-11-09',	'Entry 9: Amazing song discovery.',	'PUBLIC',	2,	67),
(66,	'2023-11-10',	'Entry 10: Amazing song discovery.',	'PRIVATE',	2,	68),
(67,	'2023-11-11',	'Entry 11: Amazing song discovery.',	'PUBLIC',	4,	69),
(68,	'2023-11-12',	'Entry 12: Amazing song discovery.',	'PRIVATE',	1,	70),
(69,	'2023-11-13',	'Entry 13: Amazing song discovery.',	'FRIENDS',	1,	71),
(70,	'2023-11-14',	'Entry 14: Amazing song discovery.',	'FRIENDS',	2,	72),
(71,	'2023-11-15',	'Entry 15: Amazing song discovery.',	'FRIENDS',	2,	73),
(72,	'2023-11-16',	'Entry 16: Amazing song discovery.',	'FRIENDS',	1,	74),
(73,	'2023-11-17',	'Entry 17: Amazing song discovery.',	'PUBLIC',	2,	75);

DROP TABLE IF EXISTS "DiaryReport";
DROP SEQUENCE IF EXISTS "DiaryReport_ReportID_seq";
CREATE SEQUENCE "DiaryReport_ReportID_seq" INCREMENT  MINVALUE  MAXVALUE  CACHE ;

CREATE TABLE "public"."DiaryReport" (
    "ReportID" integer DEFAULT nextval('"DiaryReport_ReportID_seq"') NOT NULL,
    "Date" date NOT NULL,
    "Visibility" character varying(255) NOT NULL,
    "Description" text,
    "UserID" integer NOT NULL,
    CONSTRAINT "DiaryReport_pkey" PRIMARY KEY ("ReportID")
) WITH (oids = false);

INSERT INTO "DiaryReport" ("ReportID", "Date", "Visibility", "Description", "UserID") VALUES
(1,	'2023-11-01',	'FRIENDS',	'Report 1: Weekly roundup of songs.',	1),
(2,	'2023-11-05',	'FRIENDS',	'Report 2: Weekly roundup of songs.',	1),
(3,	'2023-11-09',	'PUBLIC',	'Report 3: Weekly roundup of songs.',	1),
(4,	'2023-11-13',	'PUBLIC',	'Report 4: Weekly roundup of songs.',	1),
(5,	'2023-11-17',	'PUBLIC',	'Report 5: Weekly roundup of songs.',	1),
(6,	'2023-11-21',	'PUBLIC',	'Report 6: Weekly roundup of songs.',	1),
(7,	'2023-11-25',	'PUBLIC',	'Report 7: Weekly roundup of songs.',	1),
(8,	'2023-11-29',	'FRIENDS',	'Report 8: Weekly roundup of songs.',	1),
(9,	'2023-11-01',	'PUBLIC',	'Report 9: Weekly roundup of songs.',	4),
(10,	'2023-11-05',	'FRIENDS',	'Report 10: Weekly roundup of songs.',	4),
(11,	'2023-11-09',	'FRIENDS',	'Report 11: Weekly roundup of songs.',	4),
(12,	'2023-11-13',	'FRIENDS',	'Report 12: Weekly roundup of songs.',	4),
(13,	'2023-11-17',	'PUBLIC',	'Report 13: Weekly roundup of songs.',	4),
(14,	'2023-11-21',	'PUBLIC',	'Report 14: Weekly roundup of songs.',	4),
(15,	'2023-11-25',	'FRIENDS',	'Report 15: Weekly roundup of songs.',	4),
(16,	'2023-11-29',	'FRIENDS',	'Report 16: Weekly roundup of songs.',	4),
(17,	'2023-11-01',	'PUBLIC',	'Report 17: Weekly roundup of songs.',	2),
(18,	'2023-11-05',	'FRIENDS',	'Report 18: Weekly roundup of songs.',	2),
(19,	'2023-11-09',	'FRIENDS',	'Report 19: Weekly roundup of songs.',	2),
(20,	'2023-11-13',	'PUBLIC',	'Report 20: Weekly roundup of songs.',	2),
(21,	'2023-11-17',	'PUBLIC',	'Report 21: Weekly roundup of songs.',	2),
(22,	'2023-11-21',	'FRIENDS',	'Report 22: Weekly roundup of songs.',	2),
(23,	'2023-11-25',	'FRIENDS',	'Report 23: Weekly roundup of songs.',	2),
(24,	'2023-11-29',	'FRIENDS',	'Report 24: Weekly roundup of songs.',	2),
(25,	'2023-11-01',	'PUBLIC',	'Report 25: Weekly roundup of songs.',	3),
(26,	'2023-11-05',	'FRIENDS',	'Report 26: Weekly roundup of songs.',	3),
(27,	'2023-11-09',	'PUBLIC',	'Report 27: Weekly roundup of songs.',	3),
(28,	'2023-11-13',	'FRIENDS',	'Report 28: Weekly roundup of songs.',	3),
(29,	'2023-11-17',	'PUBLIC',	'Report 29: Weekly roundup of songs.',	3),
(30,	'2023-11-21',	'PUBLIC',	'Report 30: Weekly roundup of songs.',	3),
(31,	'2023-11-25',	'FRIENDS',	'Report 31: Weekly roundup of songs.',	3),
(32,	'2023-11-29',	'FRIENDS',	'Report 32: Weekly roundup of songs.',	3);

DROP TABLE IF EXISTS "ReportEntries";
CREATE TABLE "public"."ReportEntries" (
    "ReportID" integer NOT NULL,
    "EntryID" integer NOT NULL,
    CONSTRAINT "ReportEntries_pkey" PRIMARY KEY ("ReportID", "EntryID")
) WITH (oids = false);

INSERT INTO "ReportEntries" ("ReportID", "EntryID") VALUES
(1,	61),
(1,	55),
(1,	72),
(1,	67),
(1,	52),
(2,	62),
(2,	68),
(2,	50),
(2,	56),
(2,	70),
(3,	50),
(3,	59),
(3,	47),
(3,	68),
(3,	53),
(4,	48),
(4,	73),
(4,	57),
(4,	69),
(4,	53),
(5,	61),
(5,	63),
(5,	47),
(5,	62),
(5,	67),
(6,	49),
(6,	73),
(6,	54),
(6,	65),
(6,	59),
(7,	56),
(7,	65),
(7,	66),
(7,	52),
(7,	61),
(8,	53),
(8,	54),
(8,	68),
(8,	58),
(9,	52),
(9,	61),
(9,	64),
(9,	49),
(9,	72),
(10,	56),
(10,	63),
(10,	57),
(10,	54),
(10,	47),
(11,	52),
(11,	67),
(11,	48),
(11,	56),
(11,	55),
(12,	57),
(12,	65),
(12,	72),
(12,	50),
(13,	66),
(13,	67),
(13,	61),
(13,	72),
(13,	71),
(14,	48),
(14,	69),
(14,	64),
(14,	70),
(14,	63),
(15,	63),
(15,	64),
(15,	58),
(15,	66),
(16,	57),
(16,	71),
(16,	55),
(16,	50),
(16,	62),
(17,	73),
(17,	49),
(17,	54),
(17,	65),
(17,	51),
(18,	63),
(18,	62),
(18,	68),
(18,	54),
(18,	60),
(19,	49),
(19,	52),
(19,	60),
(20,	63),
(20,	64),
(20,	58),
(20,	61),
(21,	57),
(21,	68),
(21,	50),
(21,	49),
(21,	59),
(22,	49),
(22,	57),
(22,	59),
(22,	62),
(23,	62),
(23,	59),
(23,	53),
(23,	52),
(23,	69),
(24,	48),
(24,	61),
(24,	53),
(24,	51),
(24,	70),
(25,	69),
(25,	68),
(25,	55),
(25,	65),
(25,	70),
(26,	65),
(26,	53),
(26,	61),
(26,	62),
(26,	63),
(27,	64),
(27,	55),
(27,	66),
(27,	52),
(27,	73),
(28,	67),
(28,	51),
(28,	49),
(28,	48),
(29,	53),
(29,	63),
(29,	70),
(29,	66),
(29,	67),
(30,	68),
(30,	48),
(30,	49),
(30,	60),
(30,	71),
(31,	65),
(31,	64),
(31,	49),
(31,	58),
(32,	55),
(32,	53),
(32,	56),
(32,	59),
(32,	70);

DROP TABLE IF EXISTS "Review";
DROP SEQUENCE IF EXISTS "Review_ReviewID_seq";
CREATE SEQUENCE "Review_ReviewID_seq" INCREMENT  MINVALUE  MAXVALUE  CACHE ;

CREATE TABLE "public"."Review" (
    "ReviewID" integer DEFAULT nextval('"Review_ReviewID_seq"') NOT NULL,
    "Contents" text,
    "Visibility" character varying(255) NOT NULL,
    "SongID" integer NOT NULL,
    "UserID" integer NOT NULL,
    CONSTRAINT "Review_pkey" PRIMARY KEY ("ReviewID")
) WITH (oids = false);

INSERT INTO "Review" ("ReviewID", "Contents", "Visibility", "SongID", "UserID") VALUES
(1,	'This song is on repeat!',	'public',	1,	3),
(2,	'A timeless masterpiece.',	'public',	2,	1),
(3,	'This track is phenomenal!',	'private',	3,	1),
(4,	'This song is on repeat!',	'private',	4,	2),
(5,	'This song is on repeat!',	'public',	5,	2),
(6,	'A timeless masterpiece.',	'public',	6,	2),
(7,	'This song is on repeat!',	'public',	7,	2),
(8,	'This song is on repeat!',	'public',	8,	2),
(9,	'Can''t stop listening to this one!',	'private',	9,	4),
(10,	'This track is phenomenal!',	'private',	10,	1),
(11,	'Can''t stop listening to this one!',	'public',	11,	4),
(12,	'This song is on repeat!',	'private',	12,	3),
(13,	'A timeless masterpiece.',	'private',	13,	3),
(14,	'Absolutely love it!',	'public',	14,	1),
(15,	'A timeless masterpiece.',	'public',	15,	4),
(16,	'Can''t stop listening to this one!',	'public',	16,	3),
(17,	'This track is phenomenal!',	'public',	17,	4),
(18,	'This track is phenomenal!',	'public',	18,	2),
(19,	'Can''t stop listening to this one!',	'public',	19,	3),
(20,	'Absolutely love it!',	'public',	20,	2),
(21,	'Can''t stop listening to this one!',	'private',	21,	3),
(22,	'Can''t stop listening to this one!',	'public',	22,	2),
(23,	'Absolutely love it!',	'public',	23,	1),
(24,	'This track is phenomenal!',	'private',	24,	3),
(25,	'A timeless masterpiece.',	'private',	25,	3),
(26,	'Can''t stop listening to this one!',	'public',	26,	4),
(27,	'This song is on repeat!',	'public',	27,	1),
(28,	'This track is phenomenal!',	'private',	28,	4),
(29,	'A timeless masterpiece.',	'public',	29,	4),
(30,	'Can''t stop listening to this one!',	'public',	30,	1),
(31,	'This song is on repeat!',	'public',	31,	3),
(32,	'This track is phenomenal!',	'public',	32,	4),
(33,	'This song is on repeat!',	'public',	33,	2),
(34,	'Absolutely love it!',	'private',	34,	3),
(35,	'Absolutely love it!',	'private',	35,	1),
(36,	'Absolutely love it!',	'public',	36,	1),
(37,	'Can''t stop listening to this one!',	'private',	37,	3),
(38,	'Absolutely love it!',	'private',	38,	2),
(39,	'Absolutely love it!',	'public',	39,	4),
(40,	'A timeless masterpiece.',	'private',	40,	3),
(41,	'This song is on repeat!',	'private',	41,	1),
(42,	'This track is phenomenal!',	'public',	42,	2),
(43,	'This song is on repeat!',	'private',	43,	2),
(44,	'A timeless masterpiece.',	'private',	44,	2),
(45,	'This song is on repeat!',	'private',	45,	3),
(46,	'A timeless masterpiece.',	'private',	46,	4),
(47,	'This song is on repeat!',	'private',	47,	1),
(48,	'A timeless masterpiece.',	'private',	48,	2),
(49,	'This song is on repeat!',	'public',	49,	3),
(50,	'Absolutely love it!',	'public',	50,	1),
(51,	'A timeless masterpiece.',	'private',	51,	3),
(52,	'A timeless masterpiece.',	'public',	52,	3),
(53,	'A timeless masterpiece.',	'public',	53,	3),
(54,	'Can''t stop listening to this one!',	'private',	54,	1),
(55,	'Absolutely love it!',	'public',	55,	4),
(56,	'A timeless masterpiece.',	'public',	56,	1),
(57,	'Absolutely love it!',	'private',	57,	2),
(58,	'Absolutely love it!',	'private',	58,	4),
(59,	'This track is phenomenal!',	'public',	59,	2),
(60,	'This song is on repeat!',	'public',	60,	2),
(61,	'A timeless masterpiece.',	'public',	61,	4),
(62,	'Absolutely love it!',	'public',	62,	1),
(63,	'Absolutely love it!',	'public',	63,	4),
(64,	'A timeless masterpiece.',	'private',	64,	2),
(65,	'Can''t stop listening to this one!',	'private',	65,	4),
(66,	'This song is on repeat!',	'private',	66,	3),
(67,	'A timeless masterpiece.',	'public',	67,	1),
(68,	'Absolutely love it!',	'public',	68,	3),
(69,	'This song is on repeat!',	'private',	69,	1),
(70,	'A timeless masterpiece.',	'private',	70,	4),
(71,	'This song is on repeat!',	'private',	71,	3),
(72,	'Can''t stop listening to this one!',	'private',	72,	4),
(73,	'Absolutely love it!',	'public',	73,	1),
(74,	'This track is phenomenal!',	'private',	74,	4),
(75,	'This song is on repeat!',	'public',	75,	1);

DROP TABLE IF EXISTS "Song";
DROP SEQUENCE IF EXISTS "Song_SongID_seq";
CREATE SEQUENCE "Song_SongID_seq" INCREMENT  MINVALUE  MAXVALUE  CACHE ;

CREATE TABLE "public"."Song" (
    "SongID" integer DEFAULT nextval('"Song_SongID_seq"') NOT NULL,
    "Name" text NOT NULL,
    "AlbumID" integer,
    CONSTRAINT "Song_pkey" PRIMARY KEY ("SongID"),
    CONSTRAINT "unique_song_album" UNIQUE ("AlbumID", "Name")
) WITH (oids = false);

INSERT INTO "Song" ("SongID", "Name", "AlbumID") VALUES
(1,	'The 1975',	1),
(2,	'Settle Down',	1),
(3,	'A Change of Heart',	2),
(4,	'Paris',	2),
(5,	'Roadkill',	3),
(6,	'Frail State of Mind',	3),
(7,	'Happiness',	4),
(8,	'Part of the Band',	4),
(9,	'Adult Diversion',	5),
(10,	'Archie, Marry Me',	5),
(11,	'In Undertow',	6),
(12,	'Dreams Tonite',	6),
(13,	'Pharmacist',	7),
(14,	'Easy On Your Own',	7),
(15,	'Lilo',	8),
(16,	'Maybe You’re the Reason',	8),
(17,	'Chewing Cotton Wool',	9),
(18,	'Boyhood',	10),
(19,	'Sunshine Baby',	10),
(20,	'Someday',	11),
(21,	'Last Nite',	11),
(22,	'Reptilia',	12),
(23,	'Under Control',	12),
(24,	'Juicebox',	13),
(25,	'Heart in a Cage',	13),
(26,	'Bad Decisions',	14),
(27,	'At the Door',	14),
(28,	'Selfless',	14),
(29,	'August',	15),
(30,	'Six Below',	15),
(31,	'Fletcher',	15),
(32,	'Vanilla',	16),
(33,	'Chicago',	16),
(34,	'Playground',	17),
(35,	'Hollow',	17),
(36,	'Whales',	17),
(37,	'Bags',	18),
(38,	'Sofia',	18),
(39,	'Amoeba',	19),
(40,	'Blouse',	19),
(41,	'Juna',	20),
(42,	'Thank You',	20),
(43,	'Terrapin',	20),
(44,	'T Love',	21),
(45,	'Chloe',	21),
(46,	'Dead',	21),
(47,	'Jaded',	21),
(48,	'Ms. Dramatic',	21),
(49,	'Heaven Bound',	22),
(50,	'Cherry Tree',	22),
(51,	'Illogical Decisions',	22),
(52,	'Motion Sickness',	23),
(53,	'Kyoto',	24),
(54,	'All There Is',	25),
(55,	'Stranger',	26),
(56,	'The Price',	27),
(57,	'Club Classics',	28),
(58,	'Cheerleader',	29),
(59,	'Note to Self',	30),
(60,	'Out of Tune',	31),
(61,	'Bikes',	32),
(62,	'Stella Brown',	33),
(63,	'Backup Plan',	34),
(64,	'Cough Syrup',	35),
(65,	'Show Me How',	36),
(66,	'Queen of Hearts',	37),
(67,	'Dance Party',	38),
(68,	'Carousel',	39),
(69,	'You Make Me Smile',	40),
(70,	'Modern Girl',	41),
(71,	'Radio',	42),
(72,	'Books From Boxes',	43),
(73,	'Open My Door',	44),
(74,	'Eraser',	45),
(75,	'End of Beginning',	46),
(100,	'The cool song',	73),
(101,	'asdf',	72);

DROP TABLE IF EXISTS "StreamingPlatform";
DROP SEQUENCE IF EXISTS "StreamingPlatform_StreamingPlatformID_seq";
CREATE SEQUENCE "StreamingPlatform_StreamingPlatformID_seq" INCREMENT  MINVALUE  MAXVALUE  CACHE ;

CREATE TABLE "public"."StreamingPlatform" (
    "StreamingPlatformID" integer DEFAULT nextval('"StreamingPlatform_StreamingPlatformID_seq"') NOT NULL,
    "Name" character varying(255) NOT NULL,
    CONSTRAINT "StreamingPlatform_Name_key" UNIQUE ("Name"),
    CONSTRAINT "StreamingPlatform_pkey" PRIMARY KEY ("StreamingPlatformID")
) WITH (oids = false);

INSERT INTO "StreamingPlatform" ("StreamingPlatformID", "Name") VALUES
(1,	'Spotify'),
(2,	'Apple Music'),
(3,	'YouTube Music'),
(4,	'Tidal'),
(5,	'Amazon Music'),
(6,	'SoundCloud'),
(7,	'Locally Hosted');

DROP TABLE IF EXISTS "StreamingPlatformSongs";
CREATE TABLE "public"."StreamingPlatformSongs" (
    "StreamingPlatformID" integer NOT NULL,
    "SongID" integer NOT NULL,
    CONSTRAINT "StreamingPlatformSongs_pkey" PRIMARY KEY ("StreamingPlatformID", "SongID")
) WITH (oids = false);

INSERT INTO "StreamingPlatformSongs" ("StreamingPlatformID", "SongID") VALUES
(1,	1),
(3,	1),
(7,	1),
(4,	1),
(6,	1),
(6,	2),
(6,	3),
(7,	3),
(3,	3),
(2,	3),
(5,	3),
(1,	3),
(2,	4),
(3,	4),
(1,	4),
(5,	4),
(7,	4),
(6,	4),
(4,	4),
(4,	5),
(7,	5),
(6,	5),
(2,	5),
(5,	5),
(3,	5),
(1,	5),
(3,	6),
(1,	6),
(5,	6),
(4,	7),
(2,	7),
(5,	7),
(6,	7),
(3,	7),
(7,	7),
(1,	7),
(3,	8),
(5,	8),
(1,	9),
(6,	9),
(2,	9),
(4,	9),
(6,	10),
(2,	10),
(4,	10),
(3,	10),
(7,	10),
(7,	11),
(1,	11),
(3,	12),
(4,	12),
(5,	12),
(7,	12),
(2,	12),
(6,	12),
(1,	12),
(4,	13),
(2,	13),
(5,	13),
(7,	13),
(6,	13),
(2,	14),
(4,	14),
(3,	14),
(1,	14),
(5,	14),
(7,	14),
(6,	14),
(2,	15),
(5,	16),
(7,	16),
(6,	16),
(2,	17),
(5,	17),
(4,	18),
(1,	18),
(3,	18),
(7,	19),
(3,	19),
(5,	19),
(4,	19),
(6,	19),
(7,	20),
(4,	20),
(3,	21),
(1,	21),
(6,	21),
(7,	21),
(4,	21),
(2,	21),
(5,	21),
(7,	22),
(4,	22),
(5,	22),
(2,	22),
(3,	22),
(3,	23),
(1,	23),
(7,	23),
(2,	23),
(1,	24),
(6,	24),
(3,	24),
(5,	24),
(6,	25),
(6,	26),
(1,	26),
(2,	26),
(3,	26),
(5,	26),
(3,	27),
(4,	27),
(5,	27),
(3,	28),
(6,	28),
(1,	28),
(6,	29),
(3,	29),
(2,	29),
(5,	30),
(4,	30),
(1,	30),
(5,	31),
(1,	31),
(3,	31),
(6,	31),
(6,	32),
(1,	32),
(4,	32),
(7,	32),
(3,	33),
(1,	33),
(2,	33),
(7,	33),
(4,	33),
(5,	33),
(6,	33),
(2,	34),
(1,	34),
(4,	34),
(5,	34),
(6,	34),
(5,	35),
(3,	35),
(2,	35),
(3,	36),
(1,	36),
(1,	37),
(5,	37),
(2,	38),
(4,	38),
(7,	38),
(6,	38),
(3,	38),
(1,	38),
(1,	39),
(7,	39),
(6,	39),
(5,	39),
(5,	40),
(2,	40),
(4,	40),
(1,	40),
(6,	40),
(3,	40),
(2,	41),
(1,	41),
(4,	41),
(6,	41),
(7,	41),
(1,	42),
(5,	42),
(2,	42),
(4,	42),
(3,	42),
(2,	43),
(1,	43),
(6,	43),
(4,	43),
(5,	43),
(7,	44),
(6,	44),
(2,	44),
(1,	44),
(3,	44),
(3,	45),
(2,	45),
(1,	45),
(4,	45),
(6,	45),
(7,	45),
(5,	45),
(6,	46),
(5,	46),
(5,	47),
(3,	47),
(7,	47),
(1,	47),
(6,	47),
(2,	47),
(4,	47),
(6,	48),
(7,	48),
(2,	48),
(1,	48),
(4,	48),
(5,	48),
(2,	49),
(3,	49),
(1,	49),
(4,	49),
(6,	49),
(7,	49),
(5,	49),
(7,	50),
(1,	50),
(5,	50),
(2,	50),
(4,	50),
(5,	51),
(2,	51),
(6,	51),
(4,	51),
(1,	51),
(4,	52),
(2,	52),
(7,	53),
(5,	54),
(4,	54),
(3,	54),
(7,	54),
(4,	55),
(5,	55),
(1,	55),
(2,	55),
(3,	55),
(5,	56),
(7,	56),
(3,	56),
(4,	56),
(2,	56),
(6,	56),
(1,	56),
(5,	57),
(3,	57),
(6,	57),
(1,	57),
(4,	57),
(2,	57),
(7,	57),
(6,	58),
(2,	59),
(6,	59),
(5,	59),
(6,	60),
(1,	60),
(3,	61),
(7,	61),
(4,	62),
(5,	62),
(7,	63),
(2,	63),
(5,	63),
(6,	63),
(3,	63),
(1,	63),
(3,	64),
(3,	65),
(2,	65),
(1,	65),
(6,	65),
(6,	66),
(5,	67),
(1,	67),
(3,	68),
(1,	68),
(7,	68),
(4,	69),
(7,	69),
(3,	69),
(7,	70),
(6,	70),
(3,	70),
(1,	71),
(7,	72),
(5,	72),
(4,	72),
(2,	72),
(6,	72),
(7,	73),
(2,	73),
(6,	73),
(5,	73),
(4,	73),
(4,	74),
(5,	74),
(7,	74),
(5,	75),
(2,	75),
(7,	75),
(6,	75),
(1,	75),
(3,	75),
(4,	75);

DROP TABLE IF EXISTS "User";
DROP SEQUENCE IF EXISTS "User_UserID_seq";
CREATE SEQUENCE "User_UserID_seq" INCREMENT  MINVALUE  MAXVALUE  CACHE ;

CREATE TABLE "public"."User" (
    "UserID" integer DEFAULT nextval('"User_UserID_seq"') NOT NULL,
    "Username" character varying(255) NOT NULL,
    "Visibility" character varying(255) NOT NULL,
    "Password" character varying(255) NOT NULL,
    "IsAdmin" boolean DEFAULT false,
    CONSTRAINT "User_Username_key" UNIQUE ("Username"),
    CONSTRAINT "User_pkey" PRIMARY KEY ("UserID")
) WITH (oids = false);

INSERT INTO "User" ("UserID", "Username", "Visibility", "Password", "IsAdmin") VALUES
(1,	'admin',	'PRIVATE',	'pbkdf2:sha256:600000$fXNVo7NYAFI1OhB0$e492420e93fed0de83d23393043e875bdbba0fa0530dc973b250b042c6fee9f2',	't'),
(2,	'Patrick',	'FRIENDS',	'pbkdf2:sha256:600000$rKfb3qXdobyZsEpT$cd8ca659367af4b5c7bcfeabcba83427cde18482ac81e99b0434940b14934597',	't'),
(3,	'Ben',	'PUBLIC',	'pbkdf2:sha256:600000$IAdhMKpLhUjKEXyK$752e08d5c42ef298f24294eb938b42fdb05bd84a0d24b6b908461cd69e8e01f4',	'f'),
(4,	'Bob',	'PUBLIC',	'pbkdf2:sha256:600000$8QYpd8755AE0YxIC$5c4fdaa2eb8464f1c32743b39c6edc9df347b70afafac46bcfebfeec75536d85',	'f'),
(5,	'Charlie',	'PRIVATE',	'pbkdf2:sha256:600000$iCXSJ5SY0g5knOAw$e6eca8756886aa926ad284b471a1b54ff9acd90ccd6d4a4f6c4cee0b2f3fc09f',	'f'),
(6,	'User_A',	'FRIENDS',	'pbkdf2:sha256:600000$x91rxf3p4w4PJRJ1$a76dd11abe890da917d38dd3cc9f2b61eefd5e9225c9832665b0c87aa03e5405',	'f'),
(7,	'User_B',	'FRIENDS',	'pbkdf2:sha256:600000$K8s5oGKnYyN0xwmd$43c4738066b9ae61dea72a25b1e7916176a58f48ac962d1308dc61f18b55cf2f',	'f'),
(8,	'User_C',	'PUBLIC',	'pbkdf2:sha256:600000$veUusVOE8fWWMir2$3cc857e8648c5766aa48615b06a01cea953bd920e283e5ff33a3cc20cf0af3c6',	'f'),
(9,	'User_D',	'PRIVATE',	'pbkdf2:sha256:600000$0qHokrN1WXpZ6lyz$401a001678cc3043c83925654ea056920a4e6d995cbd38df7c6fc3d5f424b9ec',	'f'),
(10,	'User_E',	'FRIENDS',	'pbkdf2:sha256:600000$tvJeUGR5CvbTondU$21a854987a879e7260a01a3e117cf524550e0be866a70153ce211b4a62af294c',	'f'),
(11,	'User_F',	'PRIVATE',	'pbkdf2:sha256:600000$F0eI5MBflsdKX7ka$9f329b8099999cdf5a5edc8eb2caf3b0e564f3bb2980eac0f6c1a85202d46416',	'f'),
(12,	'User_G',	'PRIVATE',	'pbkdf2:sha256:600000$RJwKgYCkP8JxQvj6$61a67700de05a0843742992084483b9fee386e182630be134634fe309d534f3c',	'f'),
(13,	'User_H',	'FRIENDS',	'pbkdf2:sha256:600000$yE29Z89jhdL1mJRg$6d11d6905210eb00d543e38e8c25a84f8f438866fb86a05faebc2c96d97a9199',	'f'),
(14,	'User_I',	'FRIENDS',	'pbkdf2:sha256:600000$pTM1TIEvfsdjpS7U$24b104e645cfd03297a229cdb7460461c399fb6d47873b83b175649655971db4',	'f'),
(15,	'User_J',	'PRIVATE',	'pbkdf2:sha256:600000$zwNgrooyr2K3AWvl$66cf83b051d7cfe4e93ad8df08c49bafe125d4daccfba1442117f59df787a499',	'f'),
(16,	'User_K',	'PRIVATE',	'pbkdf2:sha256:600000$5Qm0Zlm9vaZlFBne$00ecd6226298c3d78f5199678af47e6ad38241e55aa61f58c3110e353f876dfb',	'f'),
(17,	'User_L',	'PUBLIC',	'pbkdf2:sha256:600000$Wkse8qSLcempWb6C$766eb4007f9a065987e5f4e47d25055adbd8e775e326074067bc5c2a8c64b105',	'f'),
(18,	'User_M',	'PUBLIC',	'pbkdf2:sha256:600000$UFj6gK3B8Y8x6Cwc$667f125c461a8fb0510507bd37bcf31898b91f4f1e0dda640c81fe851508f144',	'f'),
(19,	'User_N',	'PRIVATE',	'pbkdf2:sha256:600000$F57YL6DINWsP3eEM$bbe2b41f22fb8a685b8244154dd2e4246ce3e869f33ecbb4ad535579c9ac0170',	'f'),
(20,	'User_O',	'FRIENDS',	'pbkdf2:sha256:600000$mi475DZsyaTRnNp2$7a57c6a74a367779cd11a43ace44297460ae5f6b703fdb6fecbf9212365772d8',	'f'),
(21,	'User_P',	'PRIVATE',	'pbkdf2:sha256:600000$Ib8u31yKJyyxKcm6$4f90e98d5bca2e8b4b9f8d900b8c97c4b7bf82cfae4ac39f73150c7d38348a2c',	'f'),
(22,	'User_Q',	'PUBLIC',	'pbkdf2:sha256:600000$jlru9Ylu737hllj3$b557dd2a327017cf719de97978ac3939b25226b830d753497b7ea94cc184c55c',	'f'),
(23,	'User_R',	'PUBLIC',	'pbkdf2:sha256:600000$9oBw8YRGpabG9o0o$92d5b8105d2709c9c316a6ce5c70fbc456d7320d2f644db06dba55e633e1f7ce',	'f'),
(24,	'User_S',	'PUBLIC',	'pbkdf2:sha256:600000$bm7IQESP17oB4UoP$a72db5b92fbf9204fa4c206b0912129aa2e345ba78aee9014e60118e2c36f27d',	'f'),
(25,	'User_T',	'PUBLIC',	'pbkdf2:sha256:600000$qHbiTPQ1d7Mm9pST$e86faf3c021eacbecc2bc3b05b27a5c7aa6690bdb9b6c0c5266b28171752bd0f',	'f'),
(26,	'User_U',	'PRIVATE',	'pbkdf2:sha256:600000$fKh90OMXvfyft3xE$8b96a321634b23d2025ca2e7564f8cc7a354d4c653b014a995d866e60fafc021',	'f'),
(27,	'User_V',	'PRIVATE',	'pbkdf2:sha256:600000$9U2b04fIJPDhkfnj$d31cf69b984ac8e7eacc231f5134e26fd72f59319cf9567204a8ec2280796868',	'f'),
(28,	'User_W',	'PUBLIC',	'pbkdf2:sha256:600000$vxEQYmKxBeY3hOdV$2f6c18baa4216296ed890b1e12e2f85933da6dcb3859e7eb980f4f9c053f8037',	'f'),
(29,	'User_X',	'FRIENDS',	'pbkdf2:sha256:600000$XdL1wZANyd4MuqcJ$c05120be359d0ad1e49d01415958684feb5bf1c3476e3a3c2dbe5f6ca459764c',	'f'),
(30,	'User_Y',	'PUBLIC',	'pbkdf2:sha256:600000$83IerLYAXkcl3WhW$f2adba9297fa1adf0198ba8e1f9c047278330d3a25b1b289a76c957365c125f4',	'f'),
(31,	'User_Z',	'PUBLIC',	'pbkdf2:sha256:600000$ncGzXcd9RMCh4eqc$1617b003a9660547441fff112739fcfa54fa882f4f66c2edf8f2f738f1ea5ecd',	'f');

DROP TABLE IF EXISTS "UserFriends";
CREATE TABLE "public"."UserFriends" (
    "UserID" integer NOT NULL,
    "FriendUserID" integer NOT NULL,
    CONSTRAINT "UserFriends_pkey" PRIMARY KEY ("UserID", "FriendUserID")
) WITH (oids = false);

INSERT INTO "UserFriends" ("UserID", "FriendUserID") VALUES
(1,	2),
(1,	3),
(2,	4),
(3,	5),
(4,	5),
(13,	5),
(18,	28),
(1,	8),
(22,	12),
(31,	30),
(23,	6),
(17,	13),
(29,	22),
(1,	17),
(7,	19),
(24,	16),
(30,	23),
(22,	8),
(25,	9),
(19,	25),
(25,	26),
(8,	5),
(18,	30),
(16,	5),
(5,	25),
(26,	23),
(30,	15),
(19,	14),
(27,	24),
(6,	20),
(16,	10),
(24,	14),
(23,	16),
(23,	25),
(2,	3),
(3,	2);

ALTER TABLE ONLY "public"."Album" ADD CONSTRAINT "Album_ArtistID_fkey" FOREIGN KEY ("ArtistID") REFERENCES "Artist"("ArtistID") ON DELETE CASCADE NOT DEFERRABLE;

ALTER TABLE ONLY "public"."DiaryEntry" ADD CONSTRAINT "DiaryEntry_SongID_fkey" FOREIGN KEY ("SongID") REFERENCES "Song"("SongID") ON DELETE CASCADE NOT DEFERRABLE;
ALTER TABLE ONLY "public"."DiaryEntry" ADD CONSTRAINT "DiaryEntry_UserID_fkey" FOREIGN KEY ("UserID") REFERENCES "User"("UserID") ON DELETE CASCADE NOT DEFERRABLE;

ALTER TABLE ONLY "public"."DiaryReport" ADD CONSTRAINT "DiaryReport_UserID_fkey" FOREIGN KEY ("UserID") REFERENCES "User"("UserID") ON DELETE SET NULL NOT DEFERRABLE;

ALTER TABLE ONLY "public"."ReportEntries" ADD CONSTRAINT "ReportEntries_EntryID_fkey" FOREIGN KEY ("EntryID") REFERENCES "DiaryEntry"("EntryID") ON DELETE CASCADE NOT DEFERRABLE;
ALTER TABLE ONLY "public"."ReportEntries" ADD CONSTRAINT "ReportEntries_ReportID_fkey" FOREIGN KEY ("ReportID") REFERENCES "DiaryReport"("ReportID") ON DELETE CASCADE NOT DEFERRABLE;

ALTER TABLE ONLY "public"."Review" ADD CONSTRAINT "Review_SongID_fkey" FOREIGN KEY ("SongID") REFERENCES "Song"("SongID") ON DELETE CASCADE NOT DEFERRABLE;
ALTER TABLE ONLY "public"."Review" ADD CONSTRAINT "Review_UserID_fkey" FOREIGN KEY ("UserID") REFERENCES "User"("UserID") ON DELETE CASCADE NOT DEFERRABLE;

ALTER TABLE ONLY "public"."Song" ADD CONSTRAINT "Song_AlbumID_fkey" FOREIGN KEY ("AlbumID") REFERENCES "Album"("AlbumID") ON DELETE CASCADE NOT DEFERRABLE;

ALTER TABLE ONLY "public"."StreamingPlatformSongs" ADD CONSTRAINT "StreamingPlatformSongs_SongID_fkey" FOREIGN KEY ("SongID") REFERENCES "Song"("SongID") ON DELETE CASCADE NOT DEFERRABLE;
ALTER TABLE ONLY "public"."StreamingPlatformSongs" ADD CONSTRAINT "StreamingPlatformSongs_StreamingPlatformID_fkey" FOREIGN KEY ("StreamingPlatformID") REFERENCES "StreamingPlatform"("StreamingPlatformID") ON DELETE CASCADE NOT DEFERRABLE;

ALTER TABLE ONLY "public"."UserFriends" ADD CONSTRAINT "UserFriends_FriendUserID_fkey" FOREIGN KEY ("FriendUserID") REFERENCES "User"("UserID") ON DELETE CASCADE NOT DEFERRABLE;
ALTER TABLE ONLY "public"."UserFriends" ADD CONSTRAINT "UserFriends_UserID_fkey" FOREIGN KEY ("UserID") REFERENCES "User"("UserID") ON DELETE CASCADE NOT DEFERRABLE;

-- 2024-11-18 15:58:17.661285+00
