INSERT INTO "User" ("UserID", "Username", "Visibility") VALUES (1, 'lyonsmelissa', 'Private');
INSERT INTO "User" ("UserID", "Username", "Visibility") VALUES (2, 'longmikayla', 'Public');
INSERT INTO "User" ("UserID", "Username", "Visibility") VALUES (3, 'winterskarina', 'Private');
INSERT INTO "User" ("UserID", "Username", "Visibility") VALUES (4, 'gnguyen', 'Private');
INSERT INTO "User" ("UserID", "Username", "Visibility") VALUES (5, 'doylejessica', 'Public');
INSERT INTO "User" ("UserID", "Username", "Visibility") VALUES (6, 'monica19', 'Public');
INSERT INTO "User" ("UserID", "Username", "Visibility") VALUES (7, 'fdowns', 'Public');
INSERT INTO "User" ("UserID", "Username", "Visibility") VALUES (8, 'michael27', 'Public');
INSERT INTO "User" ("UserID", "Username", "Visibility") VALUES (9, 'vtucker', 'Public');
INSERT INTO "User" ("UserID", "Username", "Visibility") VALUES (10, 'alyssawall', 'Friends');
INSERT INTO "User" ("UserID", "Username", "Visibility") VALUES (11, 'elizabethadkins', 'Friends');
INSERT INTO "User" ("UserID", "Username", "Visibility") VALUES (12, 'jesse03', 'Friends');
INSERT INTO "User" ("UserID", "Username", "Visibility") VALUES (13, 'hjohnson', 'Friends');
INSERT INTO "User" ("UserID", "Username", "Visibility") VALUES (14, 'bfarley', 'Private');
INSERT INTO "User" ("UserID", "Username", "Visibility") VALUES (15, 'alexanderaustin', 'Private');
INSERT INTO "User" ("UserID", "Username", "Visibility") VALUES (16, 'hguzman', 'Public');
INSERT INTO "User" ("UserID", "Username", "Visibility") VALUES (17, 'olewis', 'Private');
INSERT INTO "User" ("UserID", "Username", "Visibility") VALUES (18, 'macdonaldkayla', 'Friends');
INSERT INTO "User" ("UserID", "Username", "Visibility") VALUES (19, 'ashleybaird', 'Public');
INSERT INTO "User" ("UserID", "Username", "Visibility") VALUES (20, 'williamsamy', 'Public');
INSERT INTO "User" ("UserID", "Username", "Visibility") VALUES (21, 'cpitts', 'Public');
INSERT INTO "User" ("UserID", "Username", "Visibility") VALUES (22, 'rmorgan', 'Private');
INSERT INTO "User" ("UserID", "Username", "Visibility") VALUES (23, 'kadams', 'Public');
INSERT INTO "User" ("UserID", "Username", "Visibility") VALUES (24, 'cespinoza', 'Friends');
INSERT INTO "User" ("UserID", "Username", "Visibility") VALUES (25, 'palmermichael', 'Friends');
INSERT INTO "User" ("UserID", "Username", "Visibility") VALUES (26, 'richardcarlson', 'Private');
INSERT INTO "User" ("UserID", "Username", "Visibility") VALUES (27, 'lisa11', 'Public');
INSERT INTO "User" ("UserID", "Username", "Visibility") VALUES (28, 'larry31', 'Private');
INSERT INTO "User" ("UserID", "Username", "Visibility") VALUES (29, 'jessebrooks', 'Private');
INSERT INTO "User" ("UserID", "Username", "Visibility") VALUES (30, 'rhondapierce', 'Private');
INSERT INTO "Song" ("SongID", "ReleaseDate", "Name") VALUES (1, '2020-03-04', 'Open-source clear-thinking focus group');
INSERT INTO "Song" ("SongID", "ReleaseDate", "Name") VALUES (2, '2021-12-06', 'Phased asymmetric definition');
INSERT INTO "Song" ("SongID", "ReleaseDate", "Name") VALUES (3, '2023-10-13', 'Organic optimizing capacity');
INSERT INTO "Song" ("SongID", "ReleaseDate", "Name") VALUES (4, '2020-01-07', 'Organized demand-driven alliance');
INSERT INTO "Song" ("SongID", "ReleaseDate", "Name") VALUES (5, '2020-11-19', 'Enterprise-wide eco-centric orchestration');
INSERT INTO "Song" ("SongID", "ReleaseDate", "Name") VALUES (6, '2024-05-06', 'Multi-tiered context-sensitive definition');
INSERT INTO "Song" ("SongID", "ReleaseDate", "Name") VALUES (7, '2022-03-06', 'Seamless disintermediate alliance');
INSERT INTO "Song" ("SongID", "ReleaseDate", "Name") VALUES (8, '2023-06-16', 'Fundamental grid-enabled portal');
INSERT INTO "Song" ("SongID", "ReleaseDate", "Name") VALUES (9, '2020-01-30', 'Centralized 3rdgeneration model');
INSERT INTO "Song" ("SongID", "ReleaseDate", "Name") VALUES (10, '2023-08-21', 'Fully-configurable intangible implementation');
INSERT INTO "Song" ("SongID", "ReleaseDate", "Name") VALUES (11, '2023-09-17', 'Secured web-enabled structure');
INSERT INTO "Song" ("SongID", "ReleaseDate", "Name") VALUES (12, '2024-04-06', 'Team-oriented interactive hardware');
INSERT INTO "Song" ("SongID", "ReleaseDate", "Name") VALUES (13, '2021-11-27', 'Up-sized contextually-based approach');
INSERT INTO "Song" ("SongID", "ReleaseDate", "Name") VALUES (14, '2022-05-11', 'Streamlined coherent paradigm');
INSERT INTO "Song" ("SongID", "ReleaseDate", "Name") VALUES (15, '2024-08-09', 'Decentralized uniform application');
INSERT INTO "Song" ("SongID", "ReleaseDate", "Name") VALUES (16, '2020-12-07', 'Fully-configurable non-volatile encoding');
INSERT INTO "Song" ("SongID", "ReleaseDate", "Name") VALUES (17, '2021-02-02', 'Team-oriented holistic encryption');
INSERT INTO "Song" ("SongID", "ReleaseDate", "Name") VALUES (18, '2021-02-11', 'Triple-buffered well-modulated open architecture');
INSERT INTO "Song" ("SongID", "ReleaseDate", "Name") VALUES (19, '2023-11-04', 'Profit-focused zero-defect software');
INSERT INTO "Song" ("SongID", "ReleaseDate", "Name") VALUES (20, '2024-01-29', 'Object-based zero tolerance throughput');
INSERT INTO "Song" ("SongID", "ReleaseDate", "Name") VALUES (21, '2021-05-18', 'Secured system-worthy groupware');
INSERT INTO "Song" ("SongID", "ReleaseDate", "Name") VALUES (22, '2022-10-08', 'Enhanced intangible hardware');
INSERT INTO "Song" ("SongID", "ReleaseDate", "Name") VALUES (23, '2022-04-24', 'Reverse-engineered methodical complexity');
INSERT INTO "Song" ("SongID", "ReleaseDate", "Name") VALUES (24, '2021-07-16', 'Progressive 6thgeneration system engine');
INSERT INTO "Song" ("SongID", "ReleaseDate", "Name") VALUES (25, '2022-07-24', 'Open-source user-facing adapter');
INSERT INTO "Song" ("SongID", "ReleaseDate", "Name") VALUES (26, '2023-07-02', 'Profit-focused user-facing conglomeration');
INSERT INTO "Song" ("SongID", "ReleaseDate", "Name") VALUES (27, '2023-09-06', 'Phased background support');
INSERT INTO "Song" ("SongID", "ReleaseDate", "Name") VALUES (28, '2022-04-05', 'Open-source multi-state secured line');
INSERT INTO "Song" ("SongID", "ReleaseDate", "Name") VALUES (29, '2022-02-11', 'Polarized zero tolerance process improvement');
INSERT INTO "Song" ("SongID", "ReleaseDate", "Name") VALUES (30, '2020-02-03', 'Self-enabling stable time-frame');
INSERT INTO "Song" ("SongID", "ReleaseDate", "Name") VALUES (31, '2021-08-11', 'Monitored 6thgeneration infrastructure');
INSERT INTO "Song" ("SongID", "ReleaseDate", "Name") VALUES (32, '2023-02-23', 'Stand-alone regional migration');
INSERT INTO "Song" ("SongID", "ReleaseDate", "Name") VALUES (33, '2020-05-30', 'User-friendly impactful challenge');
INSERT INTO "Song" ("SongID", "ReleaseDate", "Name") VALUES (34, '2020-09-10', 'Business-focused empowering core');
INSERT INTO "Song" ("SongID", "ReleaseDate", "Name") VALUES (35, '2021-01-15', 'Quality-focused hybrid capacity');
INSERT INTO "Song" ("SongID", "ReleaseDate", "Name") VALUES (36, '2023-11-14', 'User-friendly non-volatile open system');
INSERT INTO "Song" ("SongID", "ReleaseDate", "Name") VALUES (37, '2022-03-15', 'Managed modular moderator');
INSERT INTO "Song" ("SongID", "ReleaseDate", "Name") VALUES (38, '2023-01-03', 'Balanced discrete product');
INSERT INTO "Song" ("SongID", "ReleaseDate", "Name") VALUES (39, '2024-04-11', 'Profit-focused secondary collaboration');
INSERT INTO "Song" ("SongID", "ReleaseDate", "Name") VALUES (40, '2024-04-02', 'Upgradable eco-centric toolset');
INSERT INTO "Song" ("SongID", "ReleaseDate", "Name") VALUES (41, '2020-08-16', 'Function-based 24hour capacity');
INSERT INTO "Song" ("SongID", "ReleaseDate", "Name") VALUES (42, '2023-05-07', 'Stand-alone dedicated migration');
INSERT INTO "Song" ("SongID", "ReleaseDate", "Name") VALUES (43, '2024-07-27', 'Visionary 4thgeneration paradigm');
INSERT INTO "Song" ("SongID", "ReleaseDate", "Name") VALUES (44, '2021-12-25', 'Front-line intangible open system');
INSERT INTO "Song" ("SongID", "ReleaseDate", "Name") VALUES (45, '2020-11-07', 'Implemented attitude-oriented workforce');
INSERT INTO "Song" ("SongID", "ReleaseDate", "Name") VALUES (46, '2021-12-24', 'Public-key web-enabled utilization');
INSERT INTO "Song" ("SongID", "ReleaseDate", "Name") VALUES (47, '2023-02-13', 'Networked dynamic time-frame');
INSERT INTO "Song" ("SongID", "ReleaseDate", "Name") VALUES (48, '2021-12-16', 'Expanded real-time strategy');
INSERT INTO "Song" ("SongID", "ReleaseDate", "Name") VALUES (49, '2024-03-17', 'Quality-focused mission-critical software');
INSERT INTO "Song" ("SongID", "ReleaseDate", "Name") VALUES (50, '2023-03-03', 'Synergized coherent forecast');
INSERT INTO "Song" ("SongID", "ReleaseDate", "Name") VALUES (51, '2022-01-09', 'Reactive clear-thinking approach');
INSERT INTO "Song" ("SongID", "ReleaseDate", "Name") VALUES (52, '2022-10-30', 'Multi-lateral tangible methodology');
INSERT INTO "Song" ("SongID", "ReleaseDate", "Name") VALUES (53, '2022-12-30', 'Proactive foreground support');
INSERT INTO "Song" ("SongID", "ReleaseDate", "Name") VALUES (54, '2020-10-31', 'Synergized dedicated process improvement');
INSERT INTO "Song" ("SongID", "ReleaseDate", "Name") VALUES (55, '2024-01-02', 'Up-sized content-based ability');
INSERT INTO "Song" ("SongID", "ReleaseDate", "Name") VALUES (56, '2020-12-28', 'Customizable mission-critical function');
INSERT INTO "Song" ("SongID", "ReleaseDate", "Name") VALUES (57, '2023-08-05', 'Innovative multimedia ability');
INSERT INTO "Song" ("SongID", "ReleaseDate", "Name") VALUES (58, '2020-12-28', 'Robust scalable hierarchy');
INSERT INTO "Song" ("SongID", "ReleaseDate", "Name") VALUES (59, '2022-10-30', 'Secured coherent productivity');
INSERT INTO "Song" ("SongID", "ReleaseDate", "Name") VALUES (60, '2024-05-01', 'Business-focused neutral policy');
INSERT INTO "Song" ("SongID", "ReleaseDate", "Name") VALUES (61, '2022-05-15', 'Multi-channeled 24/7 application');
INSERT INTO "Song" ("SongID", "ReleaseDate", "Name") VALUES (62, '2023-08-20', 'Cross-platform tangible open system');
INSERT INTO "Song" ("SongID", "ReleaseDate", "Name") VALUES (63, '2021-11-03', 'Function-based reciprocal application');
INSERT INTO "Song" ("SongID", "ReleaseDate", "Name") VALUES (64, '2023-07-29', 'Switchable zero tolerance parallelism');
INSERT INTO "Song" ("SongID", "ReleaseDate", "Name") VALUES (65, '2024-05-30', 'Enterprise-wide holistic leverage');
INSERT INTO "Song" ("SongID", "ReleaseDate", "Name") VALUES (66, '2022-06-28', 'User-friendly non-volatile structure');
INSERT INTO "Song" ("SongID", "ReleaseDate", "Name") VALUES (67, '2021-07-21', 'Multi-layered holistic secured line');
INSERT INTO "Song" ("SongID", "ReleaseDate", "Name") VALUES (68, '2021-08-14', 'Vision-oriented coherent algorithm');
INSERT INTO "Song" ("SongID", "ReleaseDate", "Name") VALUES (69, '2020-07-30', 'Digitized systemic framework');
INSERT INTO "Song" ("SongID", "ReleaseDate", "Name") VALUES (70, '2024-08-27', 'Exclusive bandwidth-monitored encryption');
INSERT INTO "Song" ("SongID", "ReleaseDate", "Name") VALUES (71, '2021-12-31', 'Focused global artificial intelligence');
INSERT INTO "Song" ("SongID", "ReleaseDate", "Name") VALUES (72, '2024-05-02', 'Sharable client-server installation');
INSERT INTO "Song" ("SongID", "ReleaseDate", "Name") VALUES (73, '2023-10-24', 'Total impactful initiative');
INSERT INTO "Song" ("SongID", "ReleaseDate", "Name") VALUES (74, '2020-02-21', 'Automated directional encoding');
INSERT INTO "Song" ("SongID", "ReleaseDate", "Name") VALUES (75, '2021-04-27', 'Operative intermediate structure');
INSERT INTO "Song" ("SongID", "ReleaseDate", "Name") VALUES (76, '2020-04-17', 'Face-to-face regional middleware');
INSERT INTO "Song" ("SongID", "ReleaseDate", "Name") VALUES (77, '2021-07-03', 'Assimilated tertiary analyzer');
INSERT INTO "Song" ("SongID", "ReleaseDate", "Name") VALUES (78, '2023-01-21', 'Networked tertiary challenge');
INSERT INTO "Song" ("SongID", "ReleaseDate", "Name") VALUES (79, '2020-10-30', 'Synchronized local time-frame');
INSERT INTO "Song" ("SongID", "ReleaseDate", "Name") VALUES (80, '2024-09-27', 'Future-proofed next generation Local Area Network');
INSERT INTO "Song" ("SongID", "ReleaseDate", "Name") VALUES (81, '2023-11-02', 'Reactive systemic website');
INSERT INTO "Song" ("SongID", "ReleaseDate", "Name") VALUES (82, '2021-06-19', 'Future-proofed next generation service-desk');
INSERT INTO "Song" ("SongID", "ReleaseDate", "Name") VALUES (83, '2021-11-12', 'Monitored impactful installation');
INSERT INTO "Song" ("SongID", "ReleaseDate", "Name") VALUES (84, '2024-09-13', 'Ameliorated solution-oriented Graphic Interface');
INSERT INTO "Song" ("SongID", "ReleaseDate", "Name") VALUES (85, '2020-09-22', 'Public-key zero-defect paradigm');
INSERT INTO "Song" ("SongID", "ReleaseDate", "Name") VALUES (86, '2023-07-29', 'Programmable local matrix');
INSERT INTO "Song" ("SongID", "ReleaseDate", "Name") VALUES (87, '2021-11-26', 'Assimilated logistical challenge');
INSERT INTO "Song" ("SongID", "ReleaseDate", "Name") VALUES (88, '2021-04-16', 'Devolved exuding utilization');
INSERT INTO "Song" ("SongID", "ReleaseDate", "Name") VALUES (89, '2021-09-08', 'Cloned responsive instruction set');
INSERT INTO "Song" ("SongID", "ReleaseDate", "Name") VALUES (90, '2021-08-02', 'Multi-tiered systematic matrices');
INSERT INTO "Song" ("SongID", "ReleaseDate", "Name") VALUES (91, '2023-06-05', 'Universal mission-critical neural-net');
INSERT INTO "Song" ("SongID", "ReleaseDate", "Name") VALUES (92, '2023-09-06', 'Diverse solution-oriented synergy');
INSERT INTO "Song" ("SongID", "ReleaseDate", "Name") VALUES (93, '2021-01-06', 'Extended multi-tasking paradigm');
INSERT INTO "Song" ("SongID", "ReleaseDate", "Name") VALUES (94, '2021-08-29', 'Intuitive modular data-warehouse');
INSERT INTO "Song" ("SongID", "ReleaseDate", "Name") VALUES (95, '2022-04-18', 'Cross-group explicit projection');
INSERT INTO "Song" ("SongID", "ReleaseDate", "Name") VALUES (96, '2022-06-02', 'Front-line holistic circuit');
INSERT INTO "Song" ("SongID", "ReleaseDate", "Name") VALUES (97, '2022-12-11', 'Synergistic holistic architecture');
INSERT INTO "Song" ("SongID", "ReleaseDate", "Name") VALUES (98, '2021-08-06', 'Multi-layered attitude-oriented alliance');
INSERT INTO "Song" ("SongID", "ReleaseDate", "Name") VALUES (99, '2024-01-26', 'Focused client-driven capability');
INSERT INTO "Song" ("SongID", "ReleaseDate", "Name") VALUES (100, '2021-09-02', 'Team-oriented impactful middleware');
INSERT INTO "DiaryEntry" ("EntryID", "Date", "Description", "Visibility", "UserID") VALUES (1, '2024-08-10', 'Listened to "Organized demand-driven installation" today. Radio husband arrive local.', 'Friends', 30);
INSERT INTO "DiaryEntry" ("EntryID", "Date", "Description", "Visibility", "UserID") VALUES (2, '2024-06-23', 'Listened to "Mandatory radical orchestration" today. Detail firm usually glass game surface if.', 'Private', 21);
INSERT INTO "DiaryEntry" ("EntryID", "Date", "Description", "Visibility", "UserID") VALUES (3, '2024-02-13', 'Listened to "Decentralized secondary open system" today. Answer group model sort.', 'Friends', 22);
INSERT INTO "DiaryEntry" ("EntryID", "Date", "Description", "Visibility", "UserID") VALUES (4, '2024-09-03', 'Listened to "Virtual scalable circuit" today. Rate cup able near.', 'Friends', 14);
INSERT INTO "DiaryEntry" ("EntryID", "Date", "Description", "Visibility", "UserID") VALUES (5, '2024-01-21', 'Listened to "Multi-layered 24hour alliance" today. By good continue federal.', 'Private', 30);
INSERT INTO "DiaryEntry" ("EntryID", "Date", "Description", "Visibility", "UserID") VALUES (6, '2024-08-12', 'Listened to "Synergized web-enabled moderator" today. History play rate.', 'Private', 18);
INSERT INTO "DiaryEntry" ("EntryID", "Date", "Description", "Visibility", "UserID") VALUES (7, '2024-06-14', 'Listened to "Open-source local methodology" today. Factor charge enjoy song company here over free.', 'Friends', 19);
INSERT INTO "DiaryEntry" ("EntryID", "Date", "Description", "Visibility", "UserID") VALUES (8, '2024-02-18', 'Listened to "Profound asynchronous extranet" today. View old help baby article once former.', 'Public', 20);
INSERT INTO "DiaryEntry" ("EntryID", "Date", "Description", "Visibility", "UserID") VALUES (9, '2024-05-16', 'Listened to "Universal bottom-line Graphic Interface" today. Focus Congress sort ever skill tough own.', 'Private', 16);
INSERT INTO "DiaryEntry" ("EntryID", "Date", "Description", "Visibility", "UserID") VALUES (10, '2024-07-13', 'Listened to "Intuitive methodical intranet" today. Piece single task foot air.', 'Public', 2);
INSERT INTO "DiaryEntry" ("EntryID", "Date", "Description", "Visibility", "UserID") VALUES (11, '2024-01-08', 'Listened to "Proactive demand-driven array" today. Fact seven least according institution executive.', 'Public', 17);
INSERT INTO "DiaryEntry" ("EntryID", "Date", "Description", "Visibility", "UserID") VALUES (12, '2024-07-20', 'Listened to "Self-enabling clear-thinking encoding" today. Contain civil get condition throw test board.', 'Private', 8);
INSERT INTO "DiaryEntry" ("EntryID", "Date", "Description", "Visibility", "UserID") VALUES (13, '2024-07-04', 'Listened to "Polarized eco-centric adapter" today. Arm glass technology east.', 'Friends', 22);
INSERT INTO "DiaryEntry" ("EntryID", "Date", "Description", "Visibility", "UserID") VALUES (14, '2024-02-08', 'Listened to "Inverse neutral moratorium" today. Leave out power black.', 'Private', 16);
INSERT INTO "DiaryEntry" ("EntryID", "Date", "Description", "Visibility", "UserID") VALUES (15, '2024-07-14', 'Listened to "Multi-layered regional challenge" today. Town couple successful degree stock front find.', 'Public', 26);
INSERT INTO "DiaryEntry" ("EntryID", "Date", "Description", "Visibility", "UserID") VALUES (16, '2024-05-30', 'Listened to "Intuitive zero tolerance array" today. Service reveal health sea daughter practice.', 'Public', 7);
INSERT INTO "DiaryEntry" ("EntryID", "Date", "Description", "Visibility", "UserID") VALUES (17, '2024-08-10', 'Listened to "Pre-emptive grid-enabled software" today. Final current south coach management big financial.', 'Friends', 25);
INSERT INTO "DiaryEntry" ("EntryID", "Date", "Description", "Visibility", "UserID") VALUES (18, '2024-07-01', 'Listened to "Virtual global attitude" today. Audience star strategy production science chair.', 'Public', 23);
INSERT INTO "DiaryEntry" ("EntryID", "Date", "Description", "Visibility", "UserID") VALUES (19, '2024-09-29', 'Listened to "Face-to-face interactive Internet solution" today. Speak special majority property detail ahead.', 'Friends', 1);
INSERT INTO "DiaryEntry" ("EntryID", "Date", "Description", "Visibility", "UserID") VALUES (20, '2024-01-26', 'Listened to "Triple-buffered empowering info-mediaries" today. Actually recognize certainly generation yard.', 'Private', 4);
INSERT INTO "DiaryEntry" ("EntryID", "Date", "Description", "Visibility", "UserID") VALUES (21, '2024-04-19', 'Listened to "Cross-platform discrete architecture" today. Fight take consider.', 'Public', 8);
INSERT INTO "DiaryEntry" ("EntryID", "Date", "Description", "Visibility", "UserID") VALUES (22, '2024-01-20', 'Listened to "Intuitive asynchronous process improvement" today. Hard inside law data card.', 'Private', 3);
INSERT INTO "DiaryEntry" ("EntryID", "Date", "Description", "Visibility", "UserID") VALUES (23, '2024-03-05', 'Listened to "Balanced client-server function" today. Seven include religious.', 'Private', 24);
INSERT INTO "DiaryEntry" ("EntryID", "Date", "Description", "Visibility", "UserID") VALUES (24, '2024-05-01', 'Listened to "Sharable mission-critical complexity" today. Speak action full prove special laugh.', 'Public', 17);
INSERT INTO "DiaryEntry" ("EntryID", "Date", "Description", "Visibility", "UserID") VALUES (25, '2024-07-05', 'Listened to "Horizontal holistic service-desk" today. Value defense pattern respond partner program.', 'Public', 14);
INSERT INTO "DiaryEntry" ("EntryID", "Date", "Description", "Visibility", "UserID") VALUES (26, '2024-07-28', 'Listened to "Total cohesive emulation" today. Hour very seat care soon skill training.', 'Public', 29);
INSERT INTO "DiaryEntry" ("EntryID", "Date", "Description", "Visibility", "UserID") VALUES (27, '2024-03-19', 'Listened to "Multi-channeled needs-based moratorium" today. Employee at base.', 'Private', 14);
INSERT INTO "DiaryEntry" ("EntryID", "Date", "Description", "Visibility", "UserID") VALUES (28, '2024-09-08', 'Listened to "Object-based asymmetric infrastructure" today. Learn quite fact.', 'Friends', 15);
INSERT INTO "DiaryEntry" ("EntryID", "Date", "Description", "Visibility", "UserID") VALUES (29, '2024-08-12', 'Listened to "Multi-tiered discrete flexibility" today. Again ago yard recognize street top.', 'Friends', 5);
INSERT INTO "DiaryEntry" ("EntryID", "Date", "Description", "Visibility", "UserID") VALUES (30, '2024-03-11', 'Listened to "Persevering asymmetric synergy" today. Avoid project with but city.', 'Friends', 18);
INSERT INTO "DiaryReport" ("ReportID", "Date", "Visibility", "Description", "UserID") VALUES (1, '2024-08-19', 'Private', 'Stuff a note matter. Late act step nor hundred. According reach face itself. Speech this PM more consider drive.', 20);
INSERT INTO "DiaryReport" ("ReportID", "Date", "Visibility", "Description", "UserID") VALUES (2, '2024-07-09', 'Friends', 'Trial deep sport tax. Itself beautiful heavy positive require major.
Agent the certain exactly purpose close. Ability buy sound possible study avoid we. Close smile view.', 11);
INSERT INTO "DiaryReport" ("ReportID", "Date", "Visibility", "Description", "UserID") VALUES (3, '2024-03-15', 'Friends', 'Physical civil be blood car. Edge family build find head. Letter future community able meeting continue. Purpose most too behind all.', 10);
INSERT INTO "DiaryReport" ("ReportID", "Date", "Visibility", "Description", "UserID") VALUES (4, '2024-07-24', 'Public', 'Nor six direction art answer two despite. Throw sometimes suddenly. Particular whose among stay add.
Country every which specific nice about.', 23);
INSERT INTO "DiaryReport" ("ReportID", "Date", "Visibility", "Description", "UserID") VALUES (5, '2024-08-21', 'Private', 'Tough court scene raise year. Truth especially lay garden seat phone. Safe open city national.
Box image choose large international. One move win month yet. Among ready public staff.', 5);
INSERT INTO "DiaryReport" ("ReportID", "Date", "Visibility", "Description", "UserID") VALUES (6, '2024-03-24', 'Friends', 'Authority television add as road purpose within. Suggest research evening sport even.', 6);
INSERT INTO "DiaryReport" ("ReportID", "Date", "Visibility", "Description", "UserID") VALUES (7, '2024-05-18', 'Private', 'Care per less with wind. Know huge prove someone season land near. Be despite stage every.
Sometimes manager apply bed natural executive. Billion individual add interesting final left.', 21);
INSERT INTO "DiaryReport" ("ReportID", "Date", "Visibility", "Description", "UserID") VALUES (8, '2024-04-04', 'Friends', 'Mr all parent value true. People sport family college growth relationship give. Prepare sign share girl spend until house.
Thus step modern man road. Career course PM theory last drop.', 6);
INSERT INTO "DiaryReport" ("ReportID", "Date", "Visibility", "Description", "UserID") VALUES (9, '2024-01-25', 'Friends', 'Should what dream I great organization. Market certainly least follow some all. Present education expert authority relationship.
International section actually however. Image also style build that.', 30);
INSERT INTO "DiaryReport" ("ReportID", "Date", "Visibility", "Description", "UserID") VALUES (10, '2024-02-22', 'Friends', 'Learn relationship rich song story evidence. Thought rule hard. Step effect training anything also.
Scientist store though writer win floor both. Hospital claim short traditional past into.', 9);
INSERT INTO "DiaryReport" ("ReportID", "Date", "Visibility", "Description", "UserID") VALUES (11, '2024-06-30', 'Public', 'Direction prepare interesting green should. Conference similar help charge feeling especially garden play.', 9);
INSERT INTO "DiaryReport" ("ReportID", "Date", "Visibility", "Description", "UserID") VALUES (12, '2024-09-28', 'Private', 'Ball eight meet raise him. Than girl themselves economy.
Blue run skill relationship. Southern learn and style understand box. Defense resource road certainly maintain go just.', 5);
INSERT INTO "DiaryReport" ("ReportID", "Date", "Visibility", "Description", "UserID") VALUES (13, '2024-06-16', 'Public', 'Require movie out fly herself office.
You goal people smile exist already. Few later build.', 15);
INSERT INTO "DiaryReport" ("ReportID", "Date", "Visibility", "Description", "UserID") VALUES (14, '2024-06-25', 'Public', 'Book record start current. Professor thing skill trial. Now provide probably prevent toward north.', 7);
INSERT INTO "DiaryReport" ("ReportID", "Date", "Visibility", "Description", "UserID") VALUES (15, '2024-07-14', 'Private', 'People culture herself forget sport response. Myself TV chance your decision girl movement sell.
Send short whole specific exist sign. View article effect how build hour event.', 14);
INSERT INTO "DiaryReport" ("ReportID", "Date", "Visibility", "Description", "UserID") VALUES (16, '2024-08-22', 'Friends', 'Reason product about hotel table culture travel dream. Street number even easy lawyer. Child create past product likely continue detail.', 19);
INSERT INTO "DiaryReport" ("ReportID", "Date", "Visibility", "Description", "UserID") VALUES (17, '2024-05-12', 'Friends', 'Well of add and early.
Suddenly glass trial sell friend stage early interest. Whatever more clearly open surface hope.', 11);
INSERT INTO "DiaryReport" ("ReportID", "Date", "Visibility", "Description", "UserID") VALUES (18, '2024-03-21', 'Friends', 'Station impact your trip understand outside teach. Imagine out significant power. Human increase go bring staff music.', 15);
INSERT INTO "DiaryReport" ("ReportID", "Date", "Visibility", "Description", "UserID") VALUES (19, '2024-04-25', 'Public', 'Less personal bag live. Bill couple its politics never. Story action former exist item building front.
Share lead end analysis always. Bring yeah reality use physical human appear.', 28);
INSERT INTO "DiaryReport" ("ReportID", "Date", "Visibility", "Description", "UserID") VALUES (20, '2024-02-12', 'Friends', 'Table after sometimes might group teach.
Sing mention level industry meet.
Down want life best religious. Vote word professional control sure leg. Rock avoid book religious wife situation member.', 1);
INSERT INTO "DiaryReport" ("ReportID", "Date", "Visibility", "Description", "UserID") VALUES (21, '2024-08-05', 'Friends', 'Shoulder ground theory guess option response physical. Language responsibility begin kind contain capital campaign nothing.', 23);
INSERT INTO "DiaryReport" ("ReportID", "Date", "Visibility", "Description", "UserID") VALUES (22, '2024-04-29', 'Public', 'Personal medical born visit friend brother list task.
Central third radio war. Safe happy can prove. Chair for around get. Act local concern and drop popular left gun.', 11);
INSERT INTO "DiaryReport" ("ReportID", "Date", "Visibility", "Description", "UserID") VALUES (23, '2024-08-06', 'Public', 'Realize half activity per admit option. Difficult reality job money bring though. Easy dog them human move rise on.', 30);
INSERT INTO "DiaryReport" ("ReportID", "Date", "Visibility", "Description", "UserID") VALUES (24, '2024-03-10', 'Friends', 'Science agree whose world. And exist require. Sister his to training remember. Enjoy simple approach sing ground grow tell.', 11);
INSERT INTO "DiaryReport" ("ReportID", "Date", "Visibility", "Description", "UserID") VALUES (25, '2024-05-05', 'Friends', 'Seven edge nation enough participant important. Nation though yourself direction owner usually any. Management for page own agency must important.', 27);
INSERT INTO "DiaryReport" ("ReportID", "Date", "Visibility", "Description", "UserID") VALUES (26, '2024-05-18', 'Public', 'Perhaps ask will whatever effect six. Million somebody relationship garden especially.
Include wear throw past on. Cost truth meeting red cup where.', 26);
INSERT INTO "DiaryReport" ("ReportID", "Date", "Visibility", "Description", "UserID") VALUES (27, '2024-09-30', 'Friends', 'Present data buy each maybe cultural customer. They say responsibility ahead wife they. Mind beautiful head fish early under reveal force.', 16);
INSERT INTO "DiaryReport" ("ReportID", "Date", "Visibility", "Description", "UserID") VALUES (28, '2024-01-19', 'Friends', 'Arrive expect Mr almost quite case radio. Nice wrong traditional.
Deal fight voice particularly speak reality. Leg event floor home far oil. Must factor various partner economic.', 30);
INSERT INTO "DiaryReport" ("ReportID", "Date", "Visibility", "Description", "UserID") VALUES (29, '2024-03-25', 'Public', 'Plan author side employee civil. Fish want run game truth actually group say.
Deep win cost enough nature staff she. Federal hear first. Find evening newspaper produce parent film.', 4);
INSERT INTO "DiaryReport" ("ReportID", "Date", "Visibility", "Description", "UserID") VALUES (30, '2024-09-29', 'Public', 'Always let play. Staff guess task mention book summer. Behavior lose physical girl such sister opportunity painting.
Hundred measure sea fight detail church.', 9);
INSERT INTO "Review" ("ReviewID", "Contents", "Visibility", "SongID") VALUES (1, 'Too be behind catch owner. Might statement role particularly. Reduce family Republican as.
At window culture news note hand far its. Phone cause quality campaign value.', 'Friends', 25);
INSERT INTO "Review" ("ReviewID", "Contents", "Visibility", "SongID") VALUES (2, 'Rock real pretty write modern cover. Off major drive help animal. Line agent close item.
Benefit rather contain decide. Year this will song think.', 'Friends', 81);
INSERT INTO "Review" ("ReviewID", "Contents", "Visibility", "SongID") VALUES (3, 'Drive very travel rule treatment field thus. Follow chair decide main. Professional nearly project size start.
Current leg feeling lot girl. Require development system instead.', 'Private', 58);
INSERT INTO "Review" ("ReviewID", "Contents", "Visibility", "SongID") VALUES (4, 'Teach standard poor glass hard eye whom. Society really game knowledge question against thousand.', 'Public', 80);
INSERT INTO "Review" ("ReviewID", "Contents", "Visibility", "SongID") VALUES (5, 'Tonight blood magazine always prepare scene. Head result itself executive market teach.', 'Public', 52);
INSERT INTO "Review" ("ReviewID", "Contents", "Visibility", "SongID") VALUES (6, 'Responsibility investment apply child. Strategy exactly artist eye up turn all likely. Model interesting attack room out.', 'Friends', 76);
INSERT INTO "Review" ("ReviewID", "Contents", "Visibility", "SongID") VALUES (7, 'New stuff scientist newspaper decision from sometimes rock.
Dinner treatment song. Painting hit degree describe note debate pretty.', 'Friends', 90);
INSERT INTO "Review" ("ReviewID", "Contents", "Visibility", "SongID") VALUES (8, 'Win deep keep boy whether decide short. Task spend shoulder. Mrs behavior investment study risk.
Scene student require population stage bad. Big rise position success.', 'Friends', 52);
INSERT INTO "Review" ("ReviewID", "Contents", "Visibility", "SongID") VALUES (9, 'Weight hold consider suffer church. Though similar theory past. Four catch age radio.
Station development style admit appear. Result nor few place talk. Summer second test central.', 'Public', 82);
INSERT INTO "Review" ("ReviewID", "Contents", "Visibility", "SongID") VALUES (10, 'Skill ready person participant floor government. Wish become activity measure one start.
Side authority future will. See often affect in few.', 'Friends', 57);
INSERT INTO "Review" ("ReviewID", "Contents", "Visibility", "SongID") VALUES (11, 'Should his politics measure cost. Firm get popular give woman. Attention class dream chance successful model. No what player cut Republican shake direction.', 'Friends', 76);
INSERT INTO "Review" ("ReviewID", "Contents", "Visibility", "SongID") VALUES (12, 'Red arrive claim media most at break. My price respond to my. Source remain situation dream skin spring later.
Include sure ground physical. Million front person reflect able white and.', 'Private', 52);
INSERT INTO "Review" ("ReviewID", "Contents", "Visibility", "SongID") VALUES (13, 'Free still soon special girl. Surface clear spring race.', 'Public', 59);
INSERT INTO "Review" ("ReviewID", "Contents", "Visibility", "SongID") VALUES (14, 'And analysis order bed describe treatment letter. Pm product over hundred need quickly stop about.
Show suffer within. Quite attorney far sure impact.', 'Public', 26);
INSERT INTO "Review" ("ReviewID", "Contents", "Visibility", "SongID") VALUES (15, 'Each board have world already win black. For piece from sea.
Sing town doctor. Wrong need me as may owner study hear.', 'Private', 17);
INSERT INTO "Review" ("ReviewID", "Contents", "Visibility", "SongID") VALUES (16, 'Wide bar cause energy pick set opportunity time. Several arrive there player administration.
Eye action field back employee our brother. Win conference learn level north long.', 'Private', 67);
INSERT INTO "Review" ("ReviewID", "Contents", "Visibility", "SongID") VALUES (17, 'Difference value back kitchen process ground safe turn.
Yet summer fact. Bank ready skill box within able. Anyone through peace teacher final sometimes create.', 'Friends', 77);
INSERT INTO "Review" ("ReviewID", "Contents", "Visibility", "SongID") VALUES (18, 'Possible huge claim avoid establish mouth. Prepare forward there similar ahead conference agent partner.', 'Private', 10);
INSERT INTO "Review" ("ReviewID", "Contents", "Visibility", "SongID") VALUES (19, 'Turn woman those position hope. Sing often college let.
Feel staff ok successful fact of least. Set impact few continue artist trade citizen.
Generation born future fine defense hit.', 'Friends', 14);
INSERT INTO "Review" ("ReviewID", "Contents", "Visibility", "SongID") VALUES (20, 'Investment realize suffer watch. Send mission rock however even event able expect.
Anything defense similar. Find sure analysis.', 'Public', 13);
INSERT INTO "Review" ("ReviewID", "Contents", "Visibility", "SongID") VALUES (21, 'Player miss American yourself. Outside her spend something. Technology story task pattern service state official.
Pressure front station notice sense collection card.
Energy least ability this job.', 'Private', 96);
INSERT INTO "Review" ("ReviewID", "Contents", "Visibility", "SongID") VALUES (22, 'Whole foreign our his high seat. Carry single charge factor. Help Mrs news if.
Realize none laugh various recent. Address before woman claim set skin.', 'Friends', 89);
INSERT INTO "Review" ("ReviewID", "Contents", "Visibility", "SongID") VALUES (23, 'Heart media quite executive street. Key want direction. Watch head grow throw piece house wrong.
Art stand couple field partner effort.', 'Private', 35);
INSERT INTO "Review" ("ReviewID", "Contents", "Visibility", "SongID") VALUES (24, 'Clear than meet.
Yet treat task into eight forward. Along dinner cell draw rock bit. Mission article hear degree.', 'Private', 74);
INSERT INTO "Review" ("ReviewID", "Contents", "Visibility", "SongID") VALUES (25, 'Republican much baby employee off be size. Build list according candidate six century. Owner respond never daughter staff small.', 'Private', 82);
INSERT INTO "Review" ("ReviewID", "Contents", "Visibility", "SongID") VALUES (26, 'Stop never nothing work. Several face sign trial able say toward.
Stuff for painting production produce similar.
Now mean often player however issue generation if. Perhaps yes war area stand.', 'Private', 38);
INSERT INTO "Review" ("ReviewID", "Contents", "Visibility", "SongID") VALUES (27, 'Plan day society away own body. If exactly goal peace learn.
Soldier imagine front test share unit develop. Themselves anything college throughout middle form.', 'Friends', 11);
INSERT INTO "Review" ("ReviewID", "Contents", "Visibility", "SongID") VALUES (28, 'Into room true. Public magazine tonight century serve evidence. Five everyone police around where place edge.
Fast gun help join color make. End decade office laugh commercial poor.', 'Private', 25);
INSERT INTO "Review" ("ReviewID", "Contents", "Visibility", "SongID") VALUES (29, 'Present see small bank hand interest clearly last. Listen unit during man heavy travel.
Trouble nice not several among. Draw miss night boy fish shoulder. All live effort likely responsibility.', 'Private', 84);
INSERT INTO "Review" ("ReviewID", "Contents", "Visibility", "SongID") VALUES (30, 'Woman I cover audience if car participant. Choose avoid evening say.
Environmental student art home site. Day language interview whole none. Thought upon industry others Republican.', 'Private', 36);
INSERT INTO "StreamingPlatform" ("StreamingPlatformID", "Name") VALUES (1, 'Brown-Heath');
INSERT INTO "StreamingPlatform" ("StreamingPlatformID", "Name") VALUES (2, 'Berry PLC');
INSERT INTO "StreamingPlatform" ("StreamingPlatformID", "Name") VALUES (3, 'Chapman and Sons');
INSERT INTO "StreamingPlatform" ("StreamingPlatformID", "Name") VALUES (4, 'Campos, Hernandez and Edwards');
INSERT INTO "StreamingPlatform" ("StreamingPlatformID", "Name") VALUES (5, 'Chandler, Williams and Thompson');
INSERT INTO "Album" ("AlbumID", "Name") VALUES (1, 'Multi-tiered interactive complexity');
INSERT INTO "Album" ("AlbumID", "Name") VALUES (2, 'Implemented value-added ability');
INSERT INTO "Album" ("AlbumID", "Name") VALUES (3, 'Fully-configurable 6thgeneration middleware');
INSERT INTO "Album" ("AlbumID", "Name") VALUES (4, 'Devolved mission-critical portal');
INSERT INTO "Album" ("AlbumID", "Name") VALUES (5, 'Compatible clear-thinking neural-net');
INSERT INTO "Album" ("AlbumID", "Name") VALUES (6, 'Open-architected empowering capability');
INSERT INTO "Album" ("AlbumID", "Name") VALUES (7, 'Triple-buffered bottom-line software');
INSERT INTO "Album" ("AlbumID", "Name") VALUES (8, 'Cross-platform asynchronous analyzer');
INSERT INTO "Album" ("AlbumID", "Name") VALUES (9, 'Digitized executive encoding');
INSERT INTO "Album" ("AlbumID", "Name") VALUES (10, 'Realigned 3rdgeneration conglomeration');
INSERT INTO "Album" ("AlbumID", "Name") VALUES (11, 'Front-line 24/7 leverage');
INSERT INTO "Album" ("AlbumID", "Name") VALUES (12, 'Down-sized coherent archive');
INSERT INTO "Album" ("AlbumID", "Name") VALUES (13, 'Advanced context-sensitive knowledgebase');
INSERT INTO "Album" ("AlbumID", "Name") VALUES (14, 'Multi-lateral foreground portal');
INSERT INTO "Album" ("AlbumID", "Name") VALUES (15, 'Managed leadingedge standardization');
INSERT INTO "Album" ("AlbumID", "Name") VALUES (16, 'Enterprise-wide 3rdgeneration alliance');
INSERT INTO "Album" ("AlbumID", "Name") VALUES (17, 'Triple-buffered coherent website');
INSERT INTO "Album" ("AlbumID", "Name") VALUES (18, 'Profit-focused value-added installation');
INSERT INTO "Album" ("AlbumID", "Name") VALUES (19, 'Innovative empowering capacity');
INSERT INTO "Album" ("AlbumID", "Name") VALUES (20, 'Triple-buffered 5thgeneration ability');
INSERT INTO "Album" ("AlbumID", "Name") VALUES (21, 'Profound bottom-line projection');
INSERT INTO "Album" ("AlbumID", "Name") VALUES (22, 'Reduced stable moratorium');
INSERT INTO "Album" ("AlbumID", "Name") VALUES (23, 'Horizontal local collaboration');
INSERT INTO "Album" ("AlbumID", "Name") VALUES (24, 'Extended homogeneous installation');
INSERT INTO "Album" ("AlbumID", "Name") VALUES (25, 'Universal content-based attitude');
INSERT INTO "Album" ("AlbumID", "Name") VALUES (26, 'Extended discrete focus group');
INSERT INTO "Album" ("AlbumID", "Name") VALUES (27, 'Decentralized bandwidth-monitored artificial intelligence');
INSERT INTO "Album" ("AlbumID", "Name") VALUES (28, 'Open-architected coherent middleware');
INSERT INTO "Album" ("AlbumID", "Name") VALUES (29, 'Vision-oriented clear-thinking complexity');
INSERT INTO "Album" ("AlbumID", "Name") VALUES (30, 'Multi-tiered clear-thinking capability');
INSERT INTO "Artist" ("ArtistID", "Name") VALUES (1, 'Christopher Mckenzie');
INSERT INTO "Artist" ("ArtistID", "Name") VALUES (2, 'Aaron Bass');
INSERT INTO "Artist" ("ArtistID", "Name") VALUES (3, 'Ronald Coleman');
INSERT INTO "Artist" ("ArtistID", "Name") VALUES (4, 'Stacy Key');
INSERT INTO "Artist" ("ArtistID", "Name") VALUES (5, 'Justin Juarez');
INSERT INTO "Artist" ("ArtistID", "Name") VALUES (6, 'Joshua Hernandez');
INSERT INTO "Artist" ("ArtistID", "Name") VALUES (7, 'Richard Henderson');
INSERT INTO "Artist" ("ArtistID", "Name") VALUES (8, 'Monica Higgins MD');
INSERT INTO "Artist" ("ArtistID", "Name") VALUES (9, 'Heather Ross');
INSERT INTO "Artist" ("ArtistID", "Name") VALUES (10, 'Dr. Bianca Washington');
INSERT INTO "Artist" ("ArtistID", "Name") VALUES (11, 'Michele Wise');
INSERT INTO "Artist" ("ArtistID", "Name") VALUES (12, 'Leslie Ellis');
INSERT INTO "Artist" ("ArtistID", "Name") VALUES (13, 'Richard Silva');
INSERT INTO "Artist" ("ArtistID", "Name") VALUES (14, 'Sarah Avila');
INSERT INTO "Artist" ("ArtistID", "Name") VALUES (15, 'Jessica Mcpherson');
INSERT INTO "Artist" ("ArtistID", "Name") VALUES (16, 'Danielle Cruz');
INSERT INTO "Artist" ("ArtistID", "Name") VALUES (17, 'Wyatt Casey');
INSERT INTO "Artist" ("ArtistID", "Name") VALUES (18, 'Christopher Blair');
INSERT INTO "Artist" ("ArtistID", "Name") VALUES (19, 'Allison Garcia');
INSERT INTO "Artist" ("ArtistID", "Name") VALUES (20, 'Kimberly Sims');
INSERT INTO "Artist" ("ArtistID", "Name") VALUES (21, 'Samantha Lopez');
INSERT INTO "Artist" ("ArtistID", "Name") VALUES (22, 'Aimee Wolfe');
INSERT INTO "Artist" ("ArtistID", "Name") VALUES (23, 'Angel Gibbs');
INSERT INTO "Artist" ("ArtistID", "Name") VALUES (24, 'Nicholas Webb');
INSERT INTO "Artist" ("ArtistID", "Name") VALUES (25, 'Tyler Ray');
INSERT INTO "Artist" ("ArtistID", "Name") VALUES (26, 'Dawn Soto');
INSERT INTO "Artist" ("ArtistID", "Name") VALUES (27, 'Scott Murray');
INSERT INTO "Artist" ("ArtistID", "Name") VALUES (28, 'Angela Shannon');
INSERT INTO "Artist" ("ArtistID", "Name") VALUES (29, 'Kayla Barnes');
INSERT INTO "Artist" ("ArtistID", "Name") VALUES (30, 'Kevin Hernandez');
INSERT INTO "AlbumSongs" ("SongID", "AlbumID") VALUES (1, 23);
INSERT INTO "AlbumSongs" ("SongID", "AlbumID") VALUES (2, 20);
INSERT INTO "AlbumSongs" ("SongID", "AlbumID") VALUES (3, 17);
INSERT INTO "AlbumSongs" ("SongID", "AlbumID") VALUES (4, 2);
INSERT INTO "AlbumSongs" ("SongID", "AlbumID") VALUES (5, 8);
INSERT INTO "AlbumSongs" ("SongID", "AlbumID") VALUES (6, 20);
INSERT INTO "AlbumSongs" ("SongID", "AlbumID") VALUES (7, 17);
INSERT INTO "AlbumSongs" ("SongID", "AlbumID") VALUES (8, 12);
INSERT INTO "AlbumSongs" ("SongID", "AlbumID") VALUES (9, 4);
INSERT INTO "AlbumSongs" ("SongID", "AlbumID") VALUES (10, 29);
INSERT INTO "AlbumSongs" ("SongID", "AlbumID") VALUES (11, 8);
INSERT INTO "AlbumSongs" ("SongID", "AlbumID") VALUES (12, 23);
INSERT INTO "AlbumSongs" ("SongID", "AlbumID") VALUES (13, 13);
INSERT INTO "AlbumSongs" ("SongID", "AlbumID") VALUES (14, 23);
INSERT INTO "AlbumSongs" ("SongID", "AlbumID") VALUES (15, 18);
INSERT INTO "AlbumSongs" ("SongID", "AlbumID") VALUES (16, 17);
INSERT INTO "AlbumSongs" ("SongID", "AlbumID") VALUES (17, 24);
INSERT INTO "AlbumSongs" ("SongID", "AlbumID") VALUES (18, 4);
INSERT INTO "AlbumSongs" ("SongID", "AlbumID") VALUES (19, 18);
INSERT INTO "AlbumSongs" ("SongID", "AlbumID") VALUES (20, 20);
INSERT INTO "AlbumSongs" ("SongID", "AlbumID") VALUES (21, 1);
INSERT INTO "AlbumSongs" ("SongID", "AlbumID") VALUES (22, 13);
INSERT INTO "AlbumSongs" ("SongID", "AlbumID") VALUES (23, 22);
INSERT INTO "AlbumSongs" ("SongID", "AlbumID") VALUES (24, 10);
INSERT INTO "AlbumSongs" ("SongID", "AlbumID") VALUES (25, 3);
INSERT INTO "AlbumSongs" ("SongID", "AlbumID") VALUES (26, 7);
INSERT INTO "AlbumSongs" ("SongID", "AlbumID") VALUES (27, 16);
INSERT INTO "AlbumSongs" ("SongID", "AlbumID") VALUES (28, 28);
INSERT INTO "AlbumSongs" ("SongID", "AlbumID") VALUES (29, 26);
INSERT INTO "AlbumSongs" ("SongID", "AlbumID") VALUES (30, 20);
INSERT INTO "AlbumSongs" ("SongID", "AlbumID") VALUES (31, 2);
INSERT INTO "AlbumSongs" ("SongID", "AlbumID") VALUES (32, 4);
INSERT INTO "AlbumSongs" ("SongID", "AlbumID") VALUES (33, 3);
INSERT INTO "AlbumSongs" ("SongID", "AlbumID") VALUES (34, 12);
INSERT INTO "AlbumSongs" ("SongID", "AlbumID") VALUES (35, 12);
INSERT INTO "AlbumSongs" ("SongID", "AlbumID") VALUES (36, 28);
INSERT INTO "AlbumSongs" ("SongID", "AlbumID") VALUES (37, 17);
INSERT INTO "AlbumSongs" ("SongID", "AlbumID") VALUES (38, 15);
INSERT INTO "AlbumSongs" ("SongID", "AlbumID") VALUES (39, 1);
INSERT INTO "AlbumSongs" ("SongID", "AlbumID") VALUES (40, 9);
INSERT INTO "AlbumSongs" ("SongID", "AlbumID") VALUES (41, 7);
INSERT INTO "AlbumSongs" ("SongID", "AlbumID") VALUES (42, 24);
INSERT INTO "AlbumSongs" ("SongID", "AlbumID") VALUES (43, 10);
INSERT INTO "AlbumSongs" ("SongID", "AlbumID") VALUES (44, 3);
INSERT INTO "AlbumSongs" ("SongID", "AlbumID") VALUES (45, 21);
INSERT INTO "AlbumSongs" ("SongID", "AlbumID") VALUES (46, 27);
INSERT INTO "AlbumSongs" ("SongID", "AlbumID") VALUES (47, 13);
INSERT INTO "AlbumSongs" ("SongID", "AlbumID") VALUES (48, 18);
INSERT INTO "AlbumSongs" ("SongID", "AlbumID") VALUES (49, 1);
INSERT INTO "AlbumSongs" ("SongID", "AlbumID") VALUES (50, 9);
INSERT INTO "AlbumSongs" ("SongID", "AlbumID") VALUES (51, 4);
INSERT INTO "AlbumSongs" ("SongID", "AlbumID") VALUES (52, 30);
INSERT INTO "AlbumSongs" ("SongID", "AlbumID") VALUES (53, 13);
INSERT INTO "AlbumSongs" ("SongID", "AlbumID") VALUES (54, 17);
INSERT INTO "AlbumSongs" ("SongID", "AlbumID") VALUES (55, 4);
INSERT INTO "AlbumSongs" ("SongID", "AlbumID") VALUES (56, 29);
INSERT INTO "AlbumSongs" ("SongID", "AlbumID") VALUES (57, 29);
INSERT INTO "AlbumSongs" ("SongID", "AlbumID") VALUES (58, 11);
INSERT INTO "AlbumSongs" ("SongID", "AlbumID") VALUES (59, 23);
INSERT INTO "AlbumSongs" ("SongID", "AlbumID") VALUES (60, 30);
INSERT INTO "AlbumSongs" ("SongID", "AlbumID") VALUES (61, 7);
INSERT INTO "AlbumSongs" ("SongID", "AlbumID") VALUES (62, 22);
INSERT INTO "AlbumSongs" ("SongID", "AlbumID") VALUES (63, 27);
INSERT INTO "AlbumSongs" ("SongID", "AlbumID") VALUES (64, 27);
INSERT INTO "AlbumSongs" ("SongID", "AlbumID") VALUES (65, 18);
INSERT INTO "AlbumSongs" ("SongID", "AlbumID") VALUES (66, 23);
INSERT INTO "AlbumSongs" ("SongID", "AlbumID") VALUES (67, 17);
INSERT INTO "AlbumSongs" ("SongID", "AlbumID") VALUES (68, 10);
INSERT INTO "AlbumSongs" ("SongID", "AlbumID") VALUES (69, 22);
INSERT INTO "AlbumSongs" ("SongID", "AlbumID") VALUES (70, 30);
INSERT INTO "AlbumSongs" ("SongID", "AlbumID") VALUES (71, 19);
INSERT INTO "AlbumSongs" ("SongID", "AlbumID") VALUES (72, 28);
INSERT INTO "AlbumSongs" ("SongID", "AlbumID") VALUES (73, 25);
INSERT INTO "AlbumSongs" ("SongID", "AlbumID") VALUES (74, 18);
INSERT INTO "AlbumSongs" ("SongID", "AlbumID") VALUES (75, 4);
INSERT INTO "AlbumSongs" ("SongID", "AlbumID") VALUES (76, 13);
INSERT INTO "AlbumSongs" ("SongID", "AlbumID") VALUES (77, 1);
INSERT INTO "AlbumSongs" ("SongID", "AlbumID") VALUES (78, 9);
INSERT INTO "AlbumSongs" ("SongID", "AlbumID") VALUES (79, 8);
INSERT INTO "AlbumSongs" ("SongID", "AlbumID") VALUES (80, 6);
INSERT INTO "AlbumSongs" ("SongID", "AlbumID") VALUES (81, 12);
INSERT INTO "AlbumSongs" ("SongID", "AlbumID") VALUES (82, 9);
INSERT INTO "AlbumSongs" ("SongID", "AlbumID") VALUES (83, 23);
INSERT INTO "AlbumSongs" ("SongID", "AlbumID") VALUES (84, 26);
INSERT INTO "AlbumSongs" ("SongID", "AlbumID") VALUES (85, 23);
INSERT INTO "AlbumSongs" ("SongID", "AlbumID") VALUES (86, 12);
INSERT INTO "AlbumSongs" ("SongID", "AlbumID") VALUES (87, 6);
INSERT INTO "AlbumSongs" ("SongID", "AlbumID") VALUES (88, 5);
INSERT INTO "AlbumSongs" ("SongID", "AlbumID") VALUES (89, 18);
INSERT INTO "AlbumSongs" ("SongID", "AlbumID") VALUES (90, 28);
INSERT INTO "AlbumSongs" ("SongID", "AlbumID") VALUES (91, 25);
INSERT INTO "AlbumSongs" ("SongID", "AlbumID") VALUES (92, 25);
INSERT INTO "AlbumSongs" ("SongID", "AlbumID") VALUES (93, 17);
INSERT INTO "AlbumSongs" ("SongID", "AlbumID") VALUES (94, 6);
INSERT INTO "AlbumSongs" ("SongID", "AlbumID") VALUES (95, 14);
INSERT INTO "AlbumSongs" ("SongID", "AlbumID") VALUES (96, 1);
INSERT INTO "AlbumSongs" ("SongID", "AlbumID") VALUES (97, 19);
INSERT INTO "AlbumSongs" ("SongID", "AlbumID") VALUES (98, 11);
INSERT INTO "AlbumSongs" ("SongID", "AlbumID") VALUES (99, 23);
INSERT INTO "AlbumSongs" ("SongID", "AlbumID") VALUES (100, 1);
INSERT INTO "ArtistAlbums" ("ArtistID", "AlbumID") VALUES (8, 1);
INSERT INTO "ArtistAlbums" ("ArtistID", "AlbumID") VALUES (29, 2);
INSERT INTO "ArtistAlbums" ("ArtistID", "AlbumID") VALUES (19, 3);
INSERT INTO "ArtistAlbums" ("ArtistID", "AlbumID") VALUES (16, 4);
INSERT INTO "ArtistAlbums" ("ArtistID", "AlbumID") VALUES (5, 5);
INSERT INTO "ArtistAlbums" ("ArtistID", "AlbumID") VALUES (3, 6);
INSERT INTO "ArtistAlbums" ("ArtistID", "AlbumID") VALUES (3, 7);
INSERT INTO "ArtistAlbums" ("ArtistID", "AlbumID") VALUES (9, 8);
INSERT INTO "ArtistAlbums" ("ArtistID", "AlbumID") VALUES (15, 9);
INSERT INTO "ArtistAlbums" ("ArtistID", "AlbumID") VALUES (20, 10);
INSERT INTO "ArtistAlbums" ("ArtistID", "AlbumID") VALUES (17, 11);
INSERT INTO "ArtistAlbums" ("ArtistID", "AlbumID") VALUES (18, 12);
INSERT INTO "ArtistAlbums" ("ArtistID", "AlbumID") VALUES (10, 13);
INSERT INTO "ArtistAlbums" ("ArtistID", "AlbumID") VALUES (10, 14);
INSERT INTO "ArtistAlbums" ("ArtistID", "AlbumID") VALUES (21, 15);
INSERT INTO "ArtistAlbums" ("ArtistID", "AlbumID") VALUES (29, 16);
INSERT INTO "ArtistAlbums" ("ArtistID", "AlbumID") VALUES (6, 17);
INSERT INTO "ArtistAlbums" ("ArtistID", "AlbumID") VALUES (16, 18);
INSERT INTO "ArtistAlbums" ("ArtistID", "AlbumID") VALUES (5, 19);
INSERT INTO "ArtistAlbums" ("ArtistID", "AlbumID") VALUES (3, 20);
INSERT INTO "ArtistAlbums" ("ArtistID", "AlbumID") VALUES (28, 21);
INSERT INTO "ArtistAlbums" ("ArtistID", "AlbumID") VALUES (18, 22);
INSERT INTO "ArtistAlbums" ("ArtistID", "AlbumID") VALUES (15, 23);
INSERT INTO "ArtistAlbums" ("ArtistID", "AlbumID") VALUES (22, 24);
INSERT INTO "ArtistAlbums" ("ArtistID", "AlbumID") VALUES (19, 25);
INSERT INTO "ArtistAlbums" ("ArtistID", "AlbumID") VALUES (26, 26);
INSERT INTO "ArtistAlbums" ("ArtistID", "AlbumID") VALUES (27, 27);
INSERT INTO "ArtistAlbums" ("ArtistID", "AlbumID") VALUES (24, 28);
INSERT INTO "ArtistAlbums" ("ArtistID", "AlbumID") VALUES (21, 29);
INSERT INTO "ArtistAlbums" ("ArtistID", "AlbumID") VALUES (6, 30);
INSERT INTO "DiaryEntrySongs" ("EntryID", "SongID") VALUES (1, 57);
INSERT INTO "DiaryEntrySongs" ("EntryID", "SongID") VALUES (2, 34);
INSERT INTO "DiaryEntrySongs" ("EntryID", "SongID") VALUES (3, 62);
INSERT INTO "DiaryEntrySongs" ("EntryID", "SongID") VALUES (4, 84);
INSERT INTO "DiaryEntrySongs" ("EntryID", "SongID") VALUES (5, 76);
INSERT INTO "DiaryEntrySongs" ("EntryID", "SongID") VALUES (6, 4);
INSERT INTO "DiaryEntrySongs" ("EntryID", "SongID") VALUES (7, 70);
INSERT INTO "DiaryEntrySongs" ("EntryID", "SongID") VALUES (8, 69);
INSERT INTO "DiaryEntrySongs" ("EntryID", "SongID") VALUES (9, 97);
INSERT INTO "DiaryEntrySongs" ("EntryID", "SongID") VALUES (10, 45);
INSERT INTO "DiaryEntrySongs" ("EntryID", "SongID") VALUES (11, 31);
INSERT INTO "DiaryEntrySongs" ("EntryID", "SongID") VALUES (12, 76);
INSERT INTO "DiaryEntrySongs" ("EntryID", "SongID") VALUES (13, 5);
INSERT INTO "DiaryEntrySongs" ("EntryID", "SongID") VALUES (14, 31);
INSERT INTO "DiaryEntrySongs" ("EntryID", "SongID") VALUES (15, 59);
INSERT INTO "DiaryEntrySongs" ("EntryID", "SongID") VALUES (16, 83);
INSERT INTO "DiaryEntrySongs" ("EntryID", "SongID") VALUES (17, 29);
INSERT INTO "DiaryEntrySongs" ("EntryID", "SongID") VALUES (18, 62);
INSERT INTO "DiaryEntrySongs" ("EntryID", "SongID") VALUES (19, 48);
INSERT INTO "DiaryEntrySongs" ("EntryID", "SongID") VALUES (20, 41);
INSERT INTO "DiaryEntrySongs" ("EntryID", "SongID") VALUES (21, 68);
INSERT INTO "DiaryEntrySongs" ("EntryID", "SongID") VALUES (22, 58);
INSERT INTO "DiaryEntrySongs" ("EntryID", "SongID") VALUES (23, 39);
INSERT INTO "DiaryEntrySongs" ("EntryID", "SongID") VALUES (24, 57);
INSERT INTO "DiaryEntrySongs" ("EntryID", "SongID") VALUES (25, 23);
INSERT INTO "DiaryEntrySongs" ("EntryID", "SongID") VALUES (26, 90);
INSERT INTO "DiaryEntrySongs" ("EntryID", "SongID") VALUES (27, 45);
INSERT INTO "DiaryEntrySongs" ("EntryID", "SongID") VALUES (28, 12);
INSERT INTO "DiaryEntrySongs" ("EntryID", "SongID") VALUES (29, 89);
INSERT INTO "DiaryEntrySongs" ("EntryID", "SongID") VALUES (30, 1);
INSERT INTO "StreamingPlatformSongs" ("StreamingPlatformID", "SongID") VALUES (1, 1);
INSERT INTO "StreamingPlatformSongs" ("StreamingPlatformID", "SongID") VALUES (2, 2);
INSERT INTO "StreamingPlatformSongs" ("StreamingPlatformID", "SongID") VALUES (3, 3);
INSERT INTO "StreamingPlatformSongs" ("StreamingPlatformID", "SongID") VALUES (2, 4);
INSERT INTO "StreamingPlatformSongs" ("StreamingPlatformID", "SongID") VALUES (4, 5);
INSERT INTO "StreamingPlatformSongs" ("StreamingPlatformID", "SongID") VALUES (1, 6);
INSERT INTO "StreamingPlatformSongs" ("StreamingPlatformID", "SongID") VALUES (2, 7);
INSERT INTO "StreamingPlatformSongs" ("StreamingPlatformID", "SongID") VALUES (3, 8);
INSERT INTO "StreamingPlatformSongs" ("StreamingPlatformID", "SongID") VALUES (2, 9);
INSERT INTO "StreamingPlatformSongs" ("StreamingPlatformID", "SongID") VALUES (4, 10);
INSERT INTO "StreamingPlatformSongs" ("StreamingPlatformID", "SongID") VALUES (1, 11);
INSERT INTO "StreamingPlatformSongs" ("StreamingPlatformID", "SongID") VALUES (3, 12);
INSERT INTO "StreamingPlatformSongs" ("StreamingPlatformID", "SongID") VALUES (5, 13);
INSERT INTO "StreamingPlatformSongs" ("StreamingPlatformID", "SongID") VALUES (2, 14);
INSERT INTO "StreamingPlatformSongs" ("StreamingPlatformID", "SongID") VALUES (4, 15);
INSERT INTO "StreamingPlatformSongs" ("StreamingPlatformID", "SongID") VALUES (3, 16);
INSERT INTO "StreamingPlatformSongs" ("StreamingPlatformID", "SongID") VALUES (1, 17);
INSERT INTO "StreamingPlatformSongs" ("StreamingPlatformID", "SongID") VALUES (4, 18);
INSERT INTO "StreamingPlatformSongs" ("StreamingPlatformID", "SongID") VALUES (5, 19);
INSERT INTO "StreamingPlatformSongs" ("StreamingPlatformID", "SongID") VALUES (1, 20);
INSERT INTO "StreamingPlatformSongs" ("StreamingPlatformID", "SongID") VALUES (4, 21);
INSERT INTO "StreamingPlatformSongs" ("StreamingPlatformID", "SongID") VALUES (1, 22);
INSERT INTO "StreamingPlatformSongs" ("StreamingPlatformID", "SongID") VALUES (4, 23);
INSERT INTO "StreamingPlatformSongs" ("StreamingPlatformID", "SongID") VALUES (2, 24);
INSERT INTO "StreamingPlatformSongs" ("StreamingPlatformID", "SongID") VALUES (1, 25);
INSERT INTO "StreamingPlatformSongs" ("StreamingPlatformID", "SongID") VALUES (3, 26);
INSERT INTO "StreamingPlatformSongs" ("StreamingPlatformID", "SongID") VALUES (1, 27);
INSERT INTO "StreamingPlatformSongs" ("StreamingPlatformID", "SongID") VALUES (4, 28);
INSERT INTO "StreamingPlatformSongs" ("StreamingPlatformID", "SongID") VALUES (1, 29);
INSERT INTO "StreamingPlatformSongs" ("StreamingPlatformID", "SongID") VALUES (1, 30);
INSERT INTO "StreamingPlatformSongs" ("StreamingPlatformID", "SongID") VALUES (2, 31);
INSERT INTO "StreamingPlatformSongs" ("StreamingPlatformID", "SongID") VALUES (4, 32);
INSERT INTO "StreamingPlatformSongs" ("StreamingPlatformID", "SongID") VALUES (3, 33);
INSERT INTO "StreamingPlatformSongs" ("StreamingPlatformID", "SongID") VALUES (1, 34);
INSERT INTO "StreamingPlatformSongs" ("StreamingPlatformID", "SongID") VALUES (2, 35);
INSERT INTO "StreamingPlatformSongs" ("StreamingPlatformID", "SongID") VALUES (5, 36);
INSERT INTO "StreamingPlatformSongs" ("StreamingPlatformID", "SongID") VALUES (1, 37);
INSERT INTO "StreamingPlatformSongs" ("StreamingPlatformID", "SongID") VALUES (2, 38);
INSERT INTO "StreamingPlatformSongs" ("StreamingPlatformID", "SongID") VALUES (3, 39);
INSERT INTO "StreamingPlatformSongs" ("StreamingPlatformID", "SongID") VALUES (4, 40);
INSERT INTO "StreamingPlatformSongs" ("StreamingPlatformID", "SongID") VALUES (2, 41);
INSERT INTO "StreamingPlatformSongs" ("StreamingPlatformID", "SongID") VALUES (4, 42);
INSERT INTO "StreamingPlatformSongs" ("StreamingPlatformID", "SongID") VALUES (4, 43);
INSERT INTO "StreamingPlatformSongs" ("StreamingPlatformID", "SongID") VALUES (2, 44);
INSERT INTO "StreamingPlatformSongs" ("StreamingPlatformID", "SongID") VALUES (4, 45);
INSERT INTO "StreamingPlatformSongs" ("StreamingPlatformID", "SongID") VALUES (4, 46);
INSERT INTO "StreamingPlatformSongs" ("StreamingPlatformID", "SongID") VALUES (3, 47);
INSERT INTO "StreamingPlatformSongs" ("StreamingPlatformID", "SongID") VALUES (4, 48);
INSERT INTO "StreamingPlatformSongs" ("StreamingPlatformID", "SongID") VALUES (3, 49);
INSERT INTO "StreamingPlatformSongs" ("StreamingPlatformID", "SongID") VALUES (5, 50);
INSERT INTO "StreamingPlatformSongs" ("StreamingPlatformID", "SongID") VALUES (1, 51);
INSERT INTO "StreamingPlatformSongs" ("StreamingPlatformID", "SongID") VALUES (4, 52);
INSERT INTO "StreamingPlatformSongs" ("StreamingPlatformID", "SongID") VALUES (4, 53);
INSERT INTO "StreamingPlatformSongs" ("StreamingPlatformID", "SongID") VALUES (4, 54);
INSERT INTO "StreamingPlatformSongs" ("StreamingPlatformID", "SongID") VALUES (5, 55);
INSERT INTO "StreamingPlatformSongs" ("StreamingPlatformID", "SongID") VALUES (4, 56);
INSERT INTO "StreamingPlatformSongs" ("StreamingPlatformID", "SongID") VALUES (4, 57);
INSERT INTO "StreamingPlatformSongs" ("StreamingPlatformID", "SongID") VALUES (3, 58);
INSERT INTO "StreamingPlatformSongs" ("StreamingPlatformID", "SongID") VALUES (2, 59);
INSERT INTO "StreamingPlatformSongs" ("StreamingPlatformID", "SongID") VALUES (2, 60);
INSERT INTO "StreamingPlatformSongs" ("StreamingPlatformID", "SongID") VALUES (2, 61);
INSERT INTO "StreamingPlatformSongs" ("StreamingPlatformID", "SongID") VALUES (3, 62);
INSERT INTO "StreamingPlatformSongs" ("StreamingPlatformID", "SongID") VALUES (1, 63);
INSERT INTO "StreamingPlatformSongs" ("StreamingPlatformID", "SongID") VALUES (3, 64);
INSERT INTO "StreamingPlatformSongs" ("StreamingPlatformID", "SongID") VALUES (2, 65);
INSERT INTO "StreamingPlatformSongs" ("StreamingPlatformID", "SongID") VALUES (4, 66);
INSERT INTO "StreamingPlatformSongs" ("StreamingPlatformID", "SongID") VALUES (3, 67);
INSERT INTO "StreamingPlatformSongs" ("StreamingPlatformID", "SongID") VALUES (1, 68);
INSERT INTO "StreamingPlatformSongs" ("StreamingPlatformID", "SongID") VALUES (4, 69);
INSERT INTO "StreamingPlatformSongs" ("StreamingPlatformID", "SongID") VALUES (1, 70);
INSERT INTO "StreamingPlatformSongs" ("StreamingPlatformID", "SongID") VALUES (2, 71);
INSERT INTO "StreamingPlatformSongs" ("StreamingPlatformID", "SongID") VALUES (3, 72);
INSERT INTO "StreamingPlatformSongs" ("StreamingPlatformID", "SongID") VALUES (3, 73);
INSERT INTO "StreamingPlatformSongs" ("StreamingPlatformID", "SongID") VALUES (3, 74);
INSERT INTO "StreamingPlatformSongs" ("StreamingPlatformID", "SongID") VALUES (5, 75);
INSERT INTO "StreamingPlatformSongs" ("StreamingPlatformID", "SongID") VALUES (4, 76);
INSERT INTO "StreamingPlatformSongs" ("StreamingPlatformID", "SongID") VALUES (1, 77);
INSERT INTO "StreamingPlatformSongs" ("StreamingPlatformID", "SongID") VALUES (3, 78);
INSERT INTO "StreamingPlatformSongs" ("StreamingPlatformID", "SongID") VALUES (1, 79);
INSERT INTO "StreamingPlatformSongs" ("StreamingPlatformID", "SongID") VALUES (3, 80);
INSERT INTO "StreamingPlatformSongs" ("StreamingPlatformID", "SongID") VALUES (1, 81);
INSERT INTO "StreamingPlatformSongs" ("StreamingPlatformID", "SongID") VALUES (3, 82);
INSERT INTO "StreamingPlatformSongs" ("StreamingPlatformID", "SongID") VALUES (4, 83);
INSERT INTO "StreamingPlatformSongs" ("StreamingPlatformID", "SongID") VALUES (4, 84);
INSERT INTO "StreamingPlatformSongs" ("StreamingPlatformID", "SongID") VALUES (2, 85);
INSERT INTO "StreamingPlatformSongs" ("StreamingPlatformID", "SongID") VALUES (5, 86);
INSERT INTO "StreamingPlatformSongs" ("StreamingPlatformID", "SongID") VALUES (2, 87);
INSERT INTO "StreamingPlatformSongs" ("StreamingPlatformID", "SongID") VALUES (4, 88);
INSERT INTO "StreamingPlatformSongs" ("StreamingPlatformID", "SongID") VALUES (3, 89);
INSERT INTO "StreamingPlatformSongs" ("StreamingPlatformID", "SongID") VALUES (5, 90);
INSERT INTO "StreamingPlatformSongs" ("StreamingPlatformID", "SongID") VALUES (4, 91);
INSERT INTO "StreamingPlatformSongs" ("StreamingPlatformID", "SongID") VALUES (1, 92);
INSERT INTO "StreamingPlatformSongs" ("StreamingPlatformID", "SongID") VALUES (3, 93);
INSERT INTO "StreamingPlatformSongs" ("StreamingPlatformID", "SongID") VALUES (2, 94);
INSERT INTO "StreamingPlatformSongs" ("StreamingPlatformID", "SongID") VALUES (3, 95);
INSERT INTO "StreamingPlatformSongs" ("StreamingPlatformID", "SongID") VALUES (5, 96);
INSERT INTO "StreamingPlatformSongs" ("StreamingPlatformID", "SongID") VALUES (5, 97);
INSERT INTO "StreamingPlatformSongs" ("StreamingPlatformID", "SongID") VALUES (2, 98);
INSERT INTO "StreamingPlatformSongs" ("StreamingPlatformID", "SongID") VALUES (5, 99);
INSERT INTO "StreamingPlatformSongs" ("StreamingPlatformID", "SongID") VALUES (2, 100);
INSERT INTO "ReportEntries" ("ReportID", "EntryID") VALUES (1, 24);
INSERT INTO "ReportEntries" ("ReportID", "EntryID") VALUES (2, 6);
INSERT INTO "ReportEntries" ("ReportID", "EntryID") VALUES (3, 28);
INSERT INTO "ReportEntries" ("ReportID", "EntryID") VALUES (4, 5);
INSERT INTO "ReportEntries" ("ReportID", "EntryID") VALUES (5, 17);
INSERT INTO "ReportEntries" ("ReportID", "EntryID") VALUES (6, 30);
INSERT INTO "ReportEntries" ("ReportID", "EntryID") VALUES (7, 16);
INSERT INTO "ReportEntries" ("ReportID", "EntryID") VALUES (8, 4);
INSERT INTO "ReportEntries" ("ReportID", "EntryID") VALUES (9, 25);
INSERT INTO "ReportEntries" ("ReportID", "EntryID") VALUES (10, 23);
INSERT INTO "ReportEntries" ("ReportID", "EntryID") VALUES (11, 4);
INSERT INTO "ReportEntries" ("ReportID", "EntryID") VALUES (12, 4);
INSERT INTO "ReportEntries" ("ReportID", "EntryID") VALUES (13, 12);
INSERT INTO "ReportEntries" ("ReportID", "EntryID") VALUES (14, 22);
INSERT INTO "ReportEntries" ("ReportID", "EntryID") VALUES (15, 11);
INSERT INTO "ReportEntries" ("ReportID", "EntryID") VALUES (16, 25);
INSERT INTO "ReportEntries" ("ReportID", "EntryID") VALUES (17, 30);
INSERT INTO "ReportEntries" ("ReportID", "EntryID") VALUES (18, 22);
INSERT INTO "ReportEntries" ("ReportID", "EntryID") VALUES (19, 14);
INSERT INTO "ReportEntries" ("ReportID", "EntryID") VALUES (20, 9);
INSERT INTO "ReportEntries" ("ReportID", "EntryID") VALUES (21, 8);
INSERT INTO "ReportEntries" ("ReportID", "EntryID") VALUES (22, 12);
INSERT INTO "ReportEntries" ("ReportID", "EntryID") VALUES (23, 6);
INSERT INTO "ReportEntries" ("ReportID", "EntryID") VALUES (24, 15);
INSERT INTO "ReportEntries" ("ReportID", "EntryID") VALUES (25, 8);
INSERT INTO "ReportEntries" ("ReportID", "EntryID") VALUES (26, 3);
INSERT INTO "ReportEntries" ("ReportID", "EntryID") VALUES (27, 21);
INSERT INTO "ReportEntries" ("ReportID", "EntryID") VALUES (28, 23);
INSERT INTO "ReportEntries" ("ReportID", "EntryID") VALUES (29, 22);
INSERT INTO "ReportEntries" ("ReportID", "EntryID") VALUES (30, 6);
INSERT INTO "UserDiaryEntries" ("UserID", "EntryID") VALUES (12, 1);
INSERT INTO "UserDiaryEntries" ("UserID", "EntryID") VALUES (7, 2);
INSERT INTO "UserDiaryEntries" ("UserID", "EntryID") VALUES (13, 3);
INSERT INTO "UserDiaryEntries" ("UserID", "EntryID") VALUES (3, 4);
INSERT INTO "UserDiaryEntries" ("UserID", "EntryID") VALUES (16, 5);
INSERT INTO "UserDiaryEntries" ("UserID", "EntryID") VALUES (29, 6);
INSERT INTO "UserDiaryEntries" ("UserID", "EntryID") VALUES (18, 7);
INSERT INTO "UserDiaryEntries" ("UserID", "EntryID") VALUES (28, 8);
INSERT INTO "UserDiaryEntries" ("UserID", "EntryID") VALUES (19, 9);
INSERT INTO "UserDiaryEntries" ("UserID", "EntryID") VALUES (21, 10);
INSERT INTO "UserDiaryEntries" ("UserID", "EntryID") VALUES (23, 11);
INSERT INTO "UserDiaryEntries" ("UserID", "EntryID") VALUES (8, 12);
INSERT INTO "UserDiaryEntries" ("UserID", "EntryID") VALUES (16, 13);
INSERT INTO "UserDiaryEntries" ("UserID", "EntryID") VALUES (3, 14);
INSERT INTO "UserDiaryEntries" ("UserID", "EntryID") VALUES (11, 15);
INSERT INTO "UserDiaryEntries" ("UserID", "EntryID") VALUES (30, 16);
INSERT INTO "UserDiaryEntries" ("UserID", "EntryID") VALUES (17, 17);
INSERT INTO "UserDiaryEntries" ("UserID", "EntryID") VALUES (10, 18);
INSERT INTO "UserDiaryEntries" ("UserID", "EntryID") VALUES (12, 19);
INSERT INTO "UserDiaryEntries" ("UserID", "EntryID") VALUES (7, 20);
INSERT INTO "UserDiaryEntries" ("UserID", "EntryID") VALUES (29, 21);
INSERT INTO "UserDiaryEntries" ("UserID", "EntryID") VALUES (22, 22);
INSERT INTO "UserDiaryEntries" ("UserID", "EntryID") VALUES (15, 23);
INSERT INTO "UserDiaryEntries" ("UserID", "EntryID") VALUES (7, 24);
INSERT INTO "UserDiaryEntries" ("UserID", "EntryID") VALUES (29, 25);
INSERT INTO "UserDiaryEntries" ("UserID", "EntryID") VALUES (27, 26);
INSERT INTO "UserDiaryEntries" ("UserID", "EntryID") VALUES (2, 27);
INSERT INTO "UserDiaryEntries" ("UserID", "EntryID") VALUES (21, 28);
INSERT INTO "UserDiaryEntries" ("UserID", "EntryID") VALUES (8, 29);
INSERT INTO "UserDiaryEntries" ("UserID", "EntryID") VALUES (10, 30);
INSERT INTO "UserDiaryReports" ("UserID", "ReportID") VALUES (13, 1);
INSERT INTO "UserDiaryReports" ("UserID", "ReportID") VALUES (11, 2);
INSERT INTO "UserDiaryReports" ("UserID", "ReportID") VALUES (8, 3);
INSERT INTO "UserDiaryReports" ("UserID", "ReportID") VALUES (26, 4);
INSERT INTO "UserDiaryReports" ("UserID", "ReportID") VALUES (5, 5);
INSERT INTO "UserDiaryReports" ("UserID", "ReportID") VALUES (1, 6);
INSERT INTO "UserDiaryReports" ("UserID", "ReportID") VALUES (28, 7);
INSERT INTO "UserDiaryReports" ("UserID", "ReportID") VALUES (21, 8);
INSERT INTO "UserDiaryReports" ("UserID", "ReportID") VALUES (13, 9);
INSERT INTO "UserDiaryReports" ("UserID", "ReportID") VALUES (3, 10);
INSERT INTO "UserDiaryReports" ("UserID", "ReportID") VALUES (9, 11);
INSERT INTO "UserDiaryReports" ("UserID", "ReportID") VALUES (25, 12);
INSERT INTO "UserDiaryReports" ("UserID", "ReportID") VALUES (2, 13);
INSERT INTO "UserDiaryReports" ("UserID", "ReportID") VALUES (27, 14);
INSERT INTO "UserDiaryReports" ("UserID", "ReportID") VALUES (21, 15);
INSERT INTO "UserDiaryReports" ("UserID", "ReportID") VALUES (6, 16);
INSERT INTO "UserDiaryReports" ("UserID", "ReportID") VALUES (10, 17);
INSERT INTO "UserDiaryReports" ("UserID", "ReportID") VALUES (30, 18);
INSERT INTO "UserDiaryReports" ("UserID", "ReportID") VALUES (26, 19);
INSERT INTO "UserDiaryReports" ("UserID", "ReportID") VALUES (20, 20);
INSERT INTO "UserDiaryReports" ("UserID", "ReportID") VALUES (5, 21);
INSERT INTO "UserDiaryReports" ("UserID", "ReportID") VALUES (2, 22);
INSERT INTO "UserDiaryReports" ("UserID", "ReportID") VALUES (6, 23);
INSERT INTO "UserDiaryReports" ("UserID", "ReportID") VALUES (14, 24);
INSERT INTO "UserDiaryReports" ("UserID", "ReportID") VALUES (7, 25);
INSERT INTO "UserDiaryReports" ("UserID", "ReportID") VALUES (29, 26);
INSERT INTO "UserDiaryReports" ("UserID", "ReportID") VALUES (13, 27);
INSERT INTO "UserDiaryReports" ("UserID", "ReportID") VALUES (9, 28);
INSERT INTO "UserDiaryReports" ("UserID", "ReportID") VALUES (21, 29);
INSERT INTO "UserDiaryReports" ("UserID", "ReportID") VALUES (21, 30);
INSERT INTO "UserFriends" ("UserID", "FriendUserID") VALUES (1, 11);
INSERT INTO "UserFriends" ("UserID", "FriendUserID") VALUES (1, 30);
INSERT INTO "UserFriends" ("UserID", "FriendUserID") VALUES (1, 9);
INSERT INTO "UserFriends" ("UserID", "FriendUserID") VALUES (1, 28);
INSERT INTO "UserFriends" ("UserID", "FriendUserID") VALUES (1, 21);
INSERT INTO "UserFriends" ("UserID", "FriendUserID") VALUES (2, 1);
INSERT INTO "UserFriends" ("UserID", "FriendUserID") VALUES (3, 20);
INSERT INTO "UserFriends" ("UserID", "FriendUserID") VALUES (3, 14);
INSERT INTO "UserFriends" ("UserID", "FriendUserID") VALUES (3, 24);
INSERT INTO "UserFriends" ("UserID", "FriendUserID") VALUES (4, 30);
INSERT INTO "UserFriends" ("UserID", "FriendUserID") VALUES (4, 28);
INSERT INTO "UserFriends" ("UserID", "FriendUserID") VALUES (4, 8);
INSERT INTO "UserFriends" ("UserID", "FriendUserID") VALUES (4, 15);
INSERT INTO "UserFriends" ("UserID", "FriendUserID") VALUES (5, 16);
INSERT INTO "UserFriends" ("UserID", "FriendUserID") VALUES (5, 23);
INSERT INTO "UserFriends" ("UserID", "FriendUserID") VALUES (5, 8);
INSERT INTO "UserFriends" ("UserID", "FriendUserID") VALUES (6, 18);
INSERT INTO "UserFriends" ("UserID", "FriendUserID") VALUES (6, 4);
INSERT INTO "UserFriends" ("UserID", "FriendUserID") VALUES (6, 29);
INSERT INTO "UserFriends" ("UserID", "FriendUserID") VALUES (6, 7);
INSERT INTO "UserFriends" ("UserID", "FriendUserID") VALUES (6, 5);
INSERT INTO "UserFriends" ("UserID", "FriendUserID") VALUES (7, 20);
INSERT INTO "UserFriends" ("UserID", "FriendUserID") VALUES (9, 16);
INSERT INTO "UserFriends" ("UserID", "FriendUserID") VALUES (9, 14);
INSERT INTO "UserFriends" ("UserID", "FriendUserID") VALUES (10, 4);
INSERT INTO "UserFriends" ("UserID", "FriendUserID") VALUES (10, 23);
INSERT INTO "UserFriends" ("UserID", "FriendUserID") VALUES (10, 19);
INSERT INTO "UserFriends" ("UserID", "FriendUserID") VALUES (10, 15);
INSERT INTO "UserFriends" ("UserID", "FriendUserID") VALUES (11, 23);
INSERT INTO "UserFriends" ("UserID", "FriendUserID") VALUES (11, 12);
INSERT INTO "UserFriends" ("UserID", "FriendUserID") VALUES (11, 18);
INSERT INTO "UserFriends" ("UserID", "FriendUserID") VALUES (11, 19);
INSERT INTO "UserFriends" ("UserID", "FriendUserID") VALUES (12, 6);
INSERT INTO "UserFriends" ("UserID", "FriendUserID") VALUES (12, 25);
INSERT INTO "UserFriends" ("UserID", "FriendUserID") VALUES (12, 28);
INSERT INTO "UserFriends" ("UserID", "FriendUserID") VALUES (13, 11);
INSERT INTO "UserFriends" ("UserID", "FriendUserID") VALUES (13, 2);
INSERT INTO "UserFriends" ("UserID", "FriendUserID") VALUES (13, 25);
INSERT INTO "UserFriends" ("UserID", "FriendUserID") VALUES (13, 12);
INSERT INTO "UserFriends" ("UserID", "FriendUserID") VALUES (14, 27);
INSERT INTO "UserFriends" ("UserID", "FriendUserID") VALUES (14, 5);
INSERT INTO "UserFriends" ("UserID", "FriendUserID") VALUES (14, 29);
INSERT INTO "UserFriends" ("UserID", "FriendUserID") VALUES (14, 28);
INSERT INTO "UserFriends" ("UserID", "FriendUserID") VALUES (15, 18);
INSERT INTO "UserFriends" ("UserID", "FriendUserID") VALUES (15, 9);
INSERT INTO "UserFriends" ("UserID", "FriendUserID") VALUES (15, 23);
INSERT INTO "UserFriends" ("UserID", "FriendUserID") VALUES (15, 3);
INSERT INTO "UserFriends" ("UserID", "FriendUserID") VALUES (16, 23);
INSERT INTO "UserFriends" ("UserID", "FriendUserID") VALUES (17, 19);
INSERT INTO "UserFriends" ("UserID", "FriendUserID") VALUES (17, 1);
INSERT INTO "UserFriends" ("UserID", "FriendUserID") VALUES (17, 16);
INSERT INTO "UserFriends" ("UserID", "FriendUserID") VALUES (17, 3);
INSERT INTO "UserFriends" ("UserID", "FriendUserID") VALUES (18, 1);
INSERT INTO "UserFriends" ("UserID", "FriendUserID") VALUES (19, 22);
INSERT INTO "UserFriends" ("UserID", "FriendUserID") VALUES (19, 24);
INSERT INTO "UserFriends" ("UserID", "FriendUserID") VALUES (20, 18);
INSERT INTO "UserFriends" ("UserID", "FriendUserID") VALUES (20, 2);
INSERT INTO "UserFriends" ("UserID", "FriendUserID") VALUES (20, 26);
INSERT INTO "UserFriends" ("UserID", "FriendUserID") VALUES (21, 14);
INSERT INTO "UserFriends" ("UserID", "FriendUserID") VALUES (22, 17);
INSERT INTO "UserFriends" ("UserID", "FriendUserID") VALUES (23, 18);
INSERT INTO "UserFriends" ("UserID", "FriendUserID") VALUES (23, 19);
INSERT INTO "UserFriends" ("UserID", "FriendUserID") VALUES (23, 29);
INSERT INTO "UserFriends" ("UserID", "FriendUserID") VALUES (24, 27);
INSERT INTO "UserFriends" ("UserID", "FriendUserID") VALUES (24, 12);
INSERT INTO "UserFriends" ("UserID", "FriendUserID") VALUES (24, 6);
INSERT INTO "UserFriends" ("UserID", "FriendUserID") VALUES (24, 16);
INSERT INTO "UserFriends" ("UserID", "FriendUserID") VALUES (24, 5);
INSERT INTO "UserFriends" ("UserID", "FriendUserID") VALUES (25, 5);
INSERT INTO "UserFriends" ("UserID", "FriendUserID") VALUES (25, 30);
INSERT INTO "UserFriends" ("UserID", "FriendUserID") VALUES (26, 12);
INSERT INTO "UserFriends" ("UserID", "FriendUserID") VALUES (26, 8);
INSERT INTO "UserFriends" ("UserID", "FriendUserID") VALUES (27, 2);
INSERT INTO "UserFriends" ("UserID", "FriendUserID") VALUES (27, 1);
INSERT INTO "UserFriends" ("UserID", "FriendUserID") VALUES (27, 7);
INSERT INTO "UserFriends" ("UserID", "FriendUserID") VALUES (27, 12);
INSERT INTO "UserFriends" ("UserID", "FriendUserID") VALUES (28, 9);
INSERT INTO "UserFriends" ("UserID", "FriendUserID") VALUES (28, 3);
INSERT INTO "UserFriends" ("UserID", "FriendUserID") VALUES (28, 13);
INSERT INTO "UserFriends" ("UserID", "FriendUserID") VALUES (28, 6);
INSERT INTO "UserFriends" ("UserID", "FriendUserID") VALUES (29, 16);
INSERT INTO "UserFriends" ("UserID", "FriendUserID") VALUES (29, 21);
INSERT INTO "UserFriends" ("UserID", "FriendUserID") VALUES (29, 19);
INSERT INTO "UserFriends" ("UserID", "FriendUserID") VALUES (30, 26);
INSERT INTO "UserFriends" ("UserID", "FriendUserID") VALUES (30, 3);
INSERT INTO "UserReviews" ("UserID", "ReviewID") VALUES (29, 1);
INSERT INTO "UserReviews" ("UserID", "ReviewID") VALUES (29, 2);
INSERT INTO "UserReviews" ("UserID", "ReviewID") VALUES (22, 3);
INSERT INTO "UserReviews" ("UserID", "ReviewID") VALUES (19, 4);
INSERT INTO "UserReviews" ("UserID", "ReviewID") VALUES (30, 5);
INSERT INTO "UserReviews" ("UserID", "ReviewID") VALUES (20, 6);
INSERT INTO "UserReviews" ("UserID", "ReviewID") VALUES (12, 7);
INSERT INTO "UserReviews" ("UserID", "ReviewID") VALUES (28, 8);
INSERT INTO "UserReviews" ("UserID", "ReviewID") VALUES (29, 9);
INSERT INTO "UserReviews" ("UserID", "ReviewID") VALUES (26, 10);
INSERT INTO "UserReviews" ("UserID", "ReviewID") VALUES (14, 11);
INSERT INTO "UserReviews" ("UserID", "ReviewID") VALUES (7, 12);
INSERT INTO "UserReviews" ("UserID", "ReviewID") VALUES (29, 13);
INSERT INTO "UserReviews" ("UserID", "ReviewID") VALUES (25, 14);
INSERT INTO "UserReviews" ("UserID", "ReviewID") VALUES (5, 15);
INSERT INTO "UserReviews" ("UserID", "ReviewID") VALUES (3, 16);
INSERT INTO "UserReviews" ("UserID", "ReviewID") VALUES (15, 17);
INSERT INTO "UserReviews" ("UserID", "ReviewID") VALUES (30, 18);
INSERT INTO "UserReviews" ("UserID", "ReviewID") VALUES (17, 19);
INSERT INTO "UserReviews" ("UserID", "ReviewID") VALUES (10, 20);
INSERT INTO "UserReviews" ("UserID", "ReviewID") VALUES (2, 21);
INSERT INTO "UserReviews" ("UserID", "ReviewID") VALUES (13, 22);
INSERT INTO "UserReviews" ("UserID", "ReviewID") VALUES (4, 23);
INSERT INTO "UserReviews" ("UserID", "ReviewID") VALUES (7, 24);
INSERT INTO "UserReviews" ("UserID", "ReviewID") VALUES (21, 25);
INSERT INTO "UserReviews" ("UserID", "ReviewID") VALUES (2, 26);
INSERT INTO "UserReviews" ("UserID", "ReviewID") VALUES (5, 27);
INSERT INTO "UserReviews" ("UserID", "ReviewID") VALUES (17, 28);
INSERT INTO "UserReviews" ("UserID", "ReviewID") VALUES (13, 29);
INSERT INTO "UserReviews" ("UserID", "ReviewID") VALUES (30, 30);
